author,author_id,author_is_uploader,author_thumbnail,id,is_favorited,like_count,parent,text,time_text,timestamp
Mohamed Isbaine,UCuqCnZqNm5-9sTcDrDikoYw,False,https://yt3.ggpht.com/ytc/AKedOLQvW4p2g-pKb4PjdoNKFxgZBvZOHJWeCasv3xwSaQ=s176-c-k-c0x00ffffff-no-rj,Ugy_khviW3C38waOOEl4AaABAg,False,0,root,Mon ami,30 seconds ago,1658330187
Mohamed Isbaine,UCuqCnZqNm5-9sTcDrDikoYw,False,https://yt3.ggpht.com/ytc/AKedOLQvW4p2g-pKb4PjdoNKFxgZBvZOHJWeCasv3xwSaQ=s176-c-k-c0x00ffffff-no-rj,UgxKRLqwXXeFyPYgKzR4AaABAg,False,0,root,isjkhs:kfjsbfsf,53 seconds ago,1658330164
Mohamed Isbaine,UCuqCnZqNm5-9sTcDrDikoYw,False,https://yt3.ggpht.com/ytc/AKedOLQvW4p2g-pKb4PjdoNKFxgZBvZOHJWeCasv3xwSaQ=s176-c-k-c0x00ffffff-no-rj,UgziGMgzogN8lwCurNR4AaABAg,False,0,root,eteet,30 minutes ago,1658328420
Mohamed Isbaine,UCuqCnZqNm5-9sTcDrDikoYw,False,https://yt3.ggpht.com/ytc/AKedOLQvW4p2g-pKb4PjdoNKFxgZBvZOHJWeCasv3xwSaQ=s176-c-k-c0x00ffffff-no-rj,Ugx0gkIcLqpV32X6-XZ4AaABAg,False,0,root,ergtegteg,30 minutes ago,1658328420
Mohamed Isbaine,UCuqCnZqNm5-9sTcDrDikoYw,False,https://yt3.ggpht.com/ytc/AKedOLQvW4p2g-pKb4PjdoNKFxgZBvZOHJWeCasv3xwSaQ=s176-c-k-c0x00ffffff-no-rj,UgywvAll41QcADqkSsl4AaABAg,False,0,root,rgd,30 minutes ago,1658328420
ibrahima fall,UC4958juTIZGnwHKN-2oeF2Q,False,https://yt3.ggpht.com/ytc/AKedOLTkGxAK3x7nvXtvSycNF8Z_YHwsaoF_W0Fzxg=s176-c-k-c0x00ffffff-no-rj,Ugz7L6BKHVr-fS59xY94AaABAg,False,0,root,Merci grand Dame respect à vous,1 hour ago,1658325600
Mohamed Isbaine,UCuqCnZqNm5-9sTcDrDikoYw,False,https://yt3.ggpht.com/ytc/AKedOLQvW4p2g-pKb4PjdoNKFxgZBvZOHJWeCasv3xwSaQ=s176-c-k-c0x00ffffff-no-rj,UgwfDmWn_qftuuzKEIl4AaABAg,False,0,root,qksjd;nqlkc,1 hour ago,1658325600
Mohamed Isbaine,UCuqCnZqNm5-9sTcDrDikoYw,False,https://yt3.ggpht.com/ytc/AKedOLQvW4p2g-pKb4PjdoNKFxgZBvZOHJWeCasv3xwSaQ=s176-c-k-c0x00ffffff-no-rj,UgzR6ILXmOxd-NXCDPp4AaABAg,False,0,root,kjqsdnlskncf,1 hour ago,1658325600
Mohamed Isbaine,UCuqCnZqNm5-9sTcDrDikoYw,False,https://yt3.ggpht.com/ytc/AKedOLQvW4p2g-pKb4PjdoNKFxgZBvZOHJWeCasv3xwSaQ=s176-c-k-c0x00ffffff-no-rj,UgzVGCJklYUmlW5t-ql4AaABAg,False,0,root,ksqjdfvblsnk,1 hour ago,1658325600
Mohamed Isbaine,UCuqCnZqNm5-9sTcDrDikoYw,False,https://yt3.ggpht.com/ytc/AKedOLQvW4p2g-pKb4PjdoNKFxgZBvZOHJWeCasv3xwSaQ=s176-c-k-c0x00ffffff-no-rj,UgyUxbtqeP1cS_gbLR54AaABAg,False,0,root,ksgdfhlqfizkbjds,1 hour ago,1658325600
Mohamed Isbaine,UCuqCnZqNm5-9sTcDrDikoYw,False,https://yt3.ggpht.com/ytc/AKedOLQvW4p2g-pKb4PjdoNKFxgZBvZOHJWeCasv3xwSaQ=s176-c-k-c0x00ffffff-no-rj,UgwFdTfgde8aDJ62KTt4AaABAg,False,0,root,kdfjbz:f,1 hour ago,1658325600
Mohamed Isbaine,UCuqCnZqNm5-9sTcDrDikoYw,False,https://yt3.ggpht.com/ytc/AKedOLQvW4p2g-pKb4PjdoNKFxgZBvZOHJWeCasv3xwSaQ=s176-c-k-c0x00ffffff-no-rj,UgzpIQI5eJqzeFHXyKx4AaABAg,False,0,root,fraternité,1 hour ago,1658325600
Mohamed Isbaine,UCuqCnZqNm5-9sTcDrDikoYw,False,https://yt3.ggpht.com/ytc/AKedOLQvW4p2g-pKb4PjdoNKFxgZBvZOHJWeCasv3xwSaQ=s176-c-k-c0x00ffffff-no-rj,UgyY5qe_mBsUn8ajhAp4AaABAg,False,0,root,Nous vous aimons from morocco,1 hour ago,1658325600
Mohamed Isbaine,UCuqCnZqNm5-9sTcDrDikoYw,False,https://yt3.ggpht.com/ytc/AKedOLQvW4p2g-pKb4PjdoNKFxgZBvZOHJWeCasv3xwSaQ=s176-c-k-c0x00ffffff-no-rj,Ugx1HRCB1NUW1o9IWvl4AaABAg,False,0,root,Bonjour sénégal,1 hour ago,1658325600
Assane Diakhate,UCw_nhIKNput9DaZS_oskkbg,False,https://yt3.ggpht.com/ytc/AKedOLTS-s2VedEvwtxyvXMBftoOaMOpOvRiF--Hvg=s176-c-k-c0x00ffffff-no-rj,UgzA-X1Gc0GdGPwVi-x4AaABAg,False,0,root,Merci Dame,2 hours ago,1658322000
Tino,UCQaT7dzIy1ERi9akaRuQwSw,False,https://yt3.ggpht.com/DEoNXuoVyMwCzfHP1Pv0F_dIr83c3AzkU8PZbzGFer2DbNrHjPCNLiLCCGH1yOvurgp6MQTwFA=s176-c-k-c0x00ffffff-no-rj,UgwDpJOT4SysLWGuWkN4AaABAg,False,0,root,En tout cas gno ngui khar macky sall si 3em mandat bi rek dinagn def lo khamni senegal dinako guene bilahi,3 hours ago,1658318400
Barka Mbodji,UCFiD530r_qwKQaGR8Kz1N_w,False,https://yt3.ggpht.com/ytc/AKedOLTrGT1JPz1T1HsiJ8Pqei9Q-aSkkapImtnK7TcyRw=s176-c-k-c0x00ffffff-no-rj,Ugz70oXZy-TO9RzlPsp4AaABAg,False,0,root,Mais dame yaw tamite boul niou fonto way lou diekh kay diekh na aha Bayil manipulation bi toi aussi,3 hours ago,1658318400
Kemirokillah Traore,UCNdALMYbaazgAKS-iNajSRw,False,https://yt3.ggpht.com/ytc/AKedOLQ_-ZIz3lzeUUqElhAYWxTUY2g1wbHEL6bI-mVf=s176-c-k-c0x00ffffff-no-rj,UgzPVZxCXuzhn7xh6P94AaABAg,False,0,root,Tfm rts sont les seuls force ausculte dans ce pays chaîne corrompus même leurs documentaires y'a des mensonges dedans que dieu m'en préserve je ne les regarde même pas chez moi,4 hours ago (edited),1658314800
Kemirokillah Traore,UCNdALMYbaazgAKS-iNajSRw,False,https://yt3.ggpht.com/ytc/AKedOLQ_-ZIz3lzeUUqElhAYWxTUY2g1wbHEL6bI-mVf=s176-c-k-c0x00ffffff-no-rj,Ugy41HAk3yOla7f95cN4AaABAg,False,0,root,Je le connais très bien je suis de ngoumba guéoul,4 hours ago,1658314800
Al Assane Wade,UCvTv3JFEwsBoVT7wQhzcqTw,False,https://yt3.ggpht.com/ytc/AKedOLRnV6k8hTgCMn3VqY2Fbr7EvVxyRVUGBbwSgw=s176-c-k-c0x00ffffff-no-rj,Ugx5NTe3L_x8pG5Cimp4AaABAg,False,0,root,Ces journalistes qui posent sont des collaborateurs au pouvoir. Il ya des manières de poser des questions,4 hours ago,1658314800
MANEBAAH BOURGI,UC622ODUHPinuontgFF5u8FA,False,https://yt3.ggpht.com/ytc/AKedOLQ4sUjRi5z1mR06yEemn6ixoSSPAAT8HTC0STQrsQ=s176-c-k-c0x00ffffff-no-rj,Ugx0iA-j_RurD2sewvx4AaABAg,False,0,root,"Dame Mbodji, même si tu n'es pas un Représentant du peuple, tes interventions nous rassurent",5 hours ago,1658311200
abdoul aziz Ndome,UC3nnz33odq3Zgya_PWiW4Zw,False,https://yt3.ggpht.com/ytc/AKedOLRd_TE1KeqpMMKct3rTWCazQN6xAWmNppq2VrWy8Q=s176-c-k-c0x00ffffff-no-rj,Ugypf1HPP55bqBu626d4AaABAg,False,1,root,"DEUG DOU ROMBI  AY  NOPE....VOILA  UN  HOMME  COURAGEUX  QUI A TOUT COMPRIS  ET A OSE  DIRE  EN HAUTE  VOIX  LA VERITE  QUE  BCP  DE PERSONNES  DISENT  DS LES CHAMBRES  FERMEES ... SENEGAL  AY RAGAL LAGNOU  WANTE  KENE DOFOUL .....ENFIN ADOUNA  DOU KEUR  , TE   YAGOUL  , BAYILENE  SOSAL AK  TOUMAL  AY GOR  AND AK DILENE  TORAKHALE  SI KAWE, DIAYE DOLLE .....",6 hours ago,1658307600
Laye fall,UC6SRMZIMDJmzeYFgLEr5-Kw,False,https://yt3.ggpht.com/O9YGNWJSbyvWu68KzBrC-dLGE-0E8CdEku9cOoM-vO4R4PpoWl5DBnwwilvXKSmej2LKIgH27hI=s176-c-k-c0x00ffffff-no-rj,UgybEHDSzkZV_KSIWEl4AaABAg,False,0,root,Porte d arme bii dafa expirei depui 10ans dame bayil fenn,6 hours ago,1658307600
Nafichatou Diatta,UC7B87w09IW7E4xuVSwQtG5Q,False,https://yt3.ggpht.com/ytc/AKedOLQ_pQ91520XCcCmYwbK02971i-66Bv-e-SBeTGfDlZBtaTp9UuC6XHx-mTgxjoa=s176-c-k-c0x00ffffff-no-rj,UgyOztkQMU690T2HEat4AaABAg,False,0,root,Notre dame national ! MachAllah,7 hours ago,1658304000
abdoulaye GUISSE,UC5t5wPEx4ZXSodYdvnkaAzw,False,https://yt3.ggpht.com/ytc/AKedOLTW1COD-VMFMJLYMUbHjk_lRYmhk38obO1wsw=s176-c-k-c0x00ffffff-no-rj,UgyOaJt7uKPxA2nVpM94AaABAg,False,0,root,Je ne crois pas la justice sénégalaise. Ce régime criminel a tué François. C'est ça la réalité.Les Sénégalais ne sont pas fous..,7 hours ago,1658304000
Général Froid Climatisation Électricité PDT,UCD525dHQwcjrmpPt38qUwTA,False,https://yt3.ggpht.com/ytc/AKedOLSene9riGa4E8DiUWnkfL_cF0ZUqnnTjVDo1qEQ=s176-c-k-c0x00ffffff-no-rj,UgxhVXHFb80--YGPCvJ4AaABAg,False,0,root,Dame dal fan na la,7 hours ago,1658304000
Fatou Demba Thioune,UCMtMINmiv8YHUJY4tvIqoMw,False,https://yt3.ggpht.com/ytc/AKedOLSPIkAqQW2y3k50rq9hXHnCeuCK-vBSXNqfvA=s176-c-k-c0x00ffffff-no-rj,Ugz9OJ94gdiIctpqfk94AaABAg,False,0,root,Mai l etat tue l peuple tue 😭😭il a souffert 😭😭😭deysane metina trop bilahi jimajine mem pas c k sa femm doit ressentir ton mari tuer l’homme d ta vie tuer ainsi du jour au lendemain 😭😭😭,7 hours ago,1658304000
sportif sportif,UCN7lOG6tuJGGHyiVIandhxQ,False,https://yt3.ggpht.com/ytc/AKedOLRqIxLYWLvoStoe3zZeKI4RGY6M4iSQpxmJSg=s176-c-k-c0x00ffffff-no-rj,UgwjDfIRjyZPK7zepMJ4AaABAg,False,1,root,Merci beaucoup dame vérité absolu,7 hours ago,1658304000
Matar M'baye,UCjdnHSZ6jyXfwWKdlYPfG4g,False,https://yt3.ggpht.com/ytc/AKedOLSjk2qo9pfJVDtapURiGiSPNDTRlXuX3jRfCg=s176-c-k-c0x00ffffff-no-rj,Ugz_4aG38YlDMeaHVLJ4AaABAg,False,0,root,Macky sall yallanako yalla allack,8 hours ago,1658300400
Moustapha LEYE,UC852WQiJyUHgPPr6Uf07z9A,False,https://yt3.ggpht.com/ytc/AKedOLT30GvUx4-5KtQExOSAvLcTgPKT_QrHZp70gNT4=s176-c-k-c0x00ffffff-no-rj,UgwkQYgW0bSv3vzfr3d4AaABAg,False,0,root,On risque d avoir des fosses communes,8 hours ago,1658300400
Cheikhouna TINE,UCG_3KzJcKygCkByOOt4YySw,False,https://yt3.ggpht.com/ytc/AKedOLTn2AW47oV1jcBZ5XopqLy7LsN834u49NBp4A=s176-c-k-c0x00ffffff-no-rj,Ugwn7vmQL2iFv5ARHvN4AaABAg,False,0,root,Sapoti bou gnoroul ak Monsieur Ndiakhoum non 😂😂😂😂😂😂😂😂😂😂Dame il donne des surnoms bizarres à nos ministres ptdr,8 hours ago,1658300400
KING BABA,UC-Wwj_wk8yNLZey8qea7tDg,False,https://yt3.ggpht.com/ytc/AKedOLRugn9alIte1NpXTMwx6FO9hT44Thq2k37X5-f4Ew=s176-c-k-c0x00ffffff-no-rj,Ugx6NnDz3MLL_AH-myh4AaABAg,False,0,root,Merci Dame,8 hours ago,1658300400
Abduraheemu Ly,UCa5bqB2PieKocXP5ocuHpHA,False,https://yt3.ggpht.com/ytc/AKedOLQt5w5AjRP7SIgcgQKE5BH3gfoAaW4kYMmeAg=s176-c-k-c0x00ffffff-no-rj,UgwVI7DpoTF9EKf630B4AaABAg,False,0,root,Vraiment les gars vous devez revoir la qualité de votre son. Merci,11 hours ago,1658289600
Malick Habillement El Hadji Malick,UC03jzBBFO8RtTUjN7ePUHHQ,False,https://yt3.ggpht.com/ytc/AKedOLRxlVqZAjOGYSgABk5Azuw6RuFKcc7oubWX7_c3cPOWiABqFTppwFyyysmZUsW9=s176-c-k-c0x00ffffff-no-rj,UgwkRQwih3JGJeeMco14AaABAg,False,0,root,Bayil doul,11 hours ago,1658289600
SOULEYMANE NDAO,UC0Qvx3skXvlCULKbnl7ekXQ,False,https://yt3.ggpht.com/ytc/AKedOLTcwT8-0YEqsdZWZDyunLUkc2gWtu5Nr8DqbZ0JxRCeI-ronNnVBAhz0WJoCWFA=s176-c-k-c0x00ffffff-no-rj,Ugx66yIwr7RPhASdOyl4AaABAg,False,1,root,"Nul n'est au dessus de la, tous ces gens là doivent être poursuivie en justice tôt où tard.",12 hours ago,1658286000
Christian Sagna,UCuY0E5l75yHAopDJx7gRrEw,False,https://yt3.ggpht.com/hKwjXOesQiIDBSBnLui0LcZsCgyly2M7qzAF-IyH4skCYnB9biZ9csCRJu6G8WNWhaV_t4V_EA=s176-c-k-c0x00ffffff-no-rj,UgzNHX_udrUa7eDaJ_p4AaABAg,False,0,root,Dame Mbodji 🤛🏽🤜🏽🇸🇳💯❤️🙏🏽,12 hours ago,1658286000
Saliou DIAW,UCGkRh-FDcR_uVrJeuS9LaCw,False,https://yt3.ggpht.com/ytc/AKedOLQWv7HP6TKXdcCWdV7_G_A9cypQZI7Qc5Y9zQ=s176-c-k-c0x00ffffff-no-rj,UgzjFdYQ_gtFIqHDQ8d4AaABAg,False,0,root,Sacré Dame,12 hours ago,1658286000
serigne sall,UCa8Spn578LISVKuyM1438XQ,False,https://yt3.ggpht.com/ytc/AKedOLR9mWrnB7PRCK_PQ0XLj3nhaL8564woCZTY0g=s176-c-k-c0x00ffffff-no-rj,UgxcSprWjurLMMApcQl4AaABAg,False,1,root,"Toutes ces personnes seront jugées inchallah on les attend ,2024 n'est pas loin.",12 hours ago,1658286000
Mane Ousseynou,UCkMO9Vk98yAGVHA87_wnIJg,False,https://yt3.ggpht.com/ytc/AKedOLQOjomjjcqMA_fPt7-nD_5vBBSf-VRrOdjxgPbZug=s176-c-k-c0x00ffffff-no-rj,UgwDDJFXug-ryHY1u_B4AaABAg,False,0,root,Surtout SeneWeb fait partie des presses corrompues,12 hours ago,1658286000
Fode Toure,UC_g2f-5Iyq6EqE5xJEMTxXw,False,https://yt3.ggpht.com/ytc/AKedOLTPjWF0gQoItFPMMMJX3Erf3uItQrPA04vpzMFFrBm5XAivyi4MIV5XXl6ibb95=s176-c-k-c0x00ffffff-no-rj,UgyLMfY8fyDdBZ8n6Qh4AaABAg,False,3,root,Merci beaucoup 💪,13 hours ago,1658282400
Vieux modou Diasse,UCOn5uR0gmMhKMKiq5XLRuAQ,False,https://yt3.ggpht.com/ytc/AKedOLQRs9UyiV5JYnwFxT_zsbfiTODwg4CACTPY6_A5dERdri0LPOl2cffv3tWrKl88=s176-c-k-c0x00ffffff-no-rj,UgzNo8e3YpSuvIZaQjN4AaABAg,False,0,root,Fénn rék procureur fénn rék,13 hours ago,1658282400
Sonko Junior,UCIKG1XWh1CHdhA7fgirvJ5w,False,https://yt3.ggpht.com/ytc/AKedOLTcwT8-0YEqsdZWZDyunLUkc2gWtu5Nr8DqbZ0JxRCeI-ronNnVBAhz0WJoCWFA=s176-c-k-c0x00ffffff-no-rj,UgxvoA5y-Gq8Os-_V254AaABAg,False,0,root,Merci Dame,13 hours ago,1658282400
Wizz Bad's,UCJ9Gh_nV5NOGWI5C3x1D0fg,False,https://yt3.ggpht.com/ytc/AKedOLR-54P3z0OL3ssKPABxpq37OXT-FLQHy5CKRg=s176-c-k-c0x00ffffff-no-rj,UgyjCSeFyIUchEBVI9B4AaABAg,False,1,root,Ousmane sonko koko lall gno tégal sa Ndaye,14 hours ago,1658278800
Moustapha Fall,UCm4xt9vnajl9u2x7Wx4z7IA,False,https://yt3.ggpht.com/ytc/AKedOLQw2U51eSWLXJpCYMvxOfJKW0XxrEYAlhSa3RbGJgYez3mPGT9EiOiWUnRDbS6r=s176-c-k-c0x00ffffff-no-rj,UgzAY7166q45h0EWrr94AaABAg,False,1,root,Dame tu méritait d être à l assemblée,14 hours ago,1658278800
Adja Badji,UCpSnNoAzAznO-FieRW74Law,False,https://yt3.ggpht.com/ytc/AKedOLRvlvZKIkRXFbUzy8eM-SJjJ97gl2bUoYCgUhNIOOukc02hYoVfQh8WiQO5Rsu9=s176-c-k-c0x00ffffff-no-rj,UgwrNfzmviPEheE0YXp4AaABAg,False,0,root,😷😷😷😷😷,15 hours ago,1658275200
seydou mbodji,UC2kyDoObodq762uUEO3JRow,False,https://yt3.ggpht.com/ytc/AKedOLR26tQWRht-lCLRZU5Rx8nx8IWsj1kqocRWBA=s176-c-k-c0x00ffffff-no-rj,UgyvnaIwd7k31U_au1B4AaABAg,False,4,root,Tjr égale à lui même notre Dame national un homme véridique cohérent pertinent...tjr un plaisir de vs écouter Yalna sa diameu yagg,15 hours ago,1658275200
Abdoulaye Diaoune,UC4PIwg7fOt_DoG76YBOQbPQ,False,https://yt3.ggpht.com/ytc/AKedOLRP2VztafG58aY-avv69hqpqDtcpyL66ZoLKgTN=s176-c-k-c0x00ffffff-no-rj,Ugwz3P-GGi1kYtcn4D54AaABAg,False,0,root,Ja Jeuf Dame,16 hours ago,1658271600
Cez diompy,UCiRpMbWshf3BVOUZwYFKdsQ,False,https://yt3.ggpht.com/ytc/AKedOLTdOdygUaUPbSnFpiNrlWD-DwOSMDuyXkIieA=s176-c-k-c0x00ffffff-no-rj,UgzU_DxnJAgMayLBmtd4AaABAg,False,0,root,Dame a parfaitement raison sur toute la ligne le procureur on dirait une balle de Ping pong c’est dommage pour un procureur de la république,16 hours ago,1658271600
Adama Seck,UCrl1z3c_iecvt_COKVLgZVA,False,https://yt3.ggpht.com/ytc/AKedOLSrKIIB2G12132NFO6GXU3tyK_fOetQsJn2nw=s176-c-k-c0x00ffffff-no-rj,UgykZoqYrQ4OgyHFomd4AaABAg,False,2,root,Merci Dame Mbodj ❤️❤️❤️❤️❤️👍,16 hours ago,1658271600
Abdou karim,UCy1zzCJNusH1WyoV1OD977Q,False,https://yt3.ggpht.com/ytc/AKedOLQvVUWnlASRXrmx1DBIR1C8YkDQ20E2qpvAoJsP6Q=s176-c-k-c0x00ffffff-no-rj,Ugzf95oJF2Cwnj7D7U54AaABAg,False,0,root,Sapoti bù nioroul🤣thiey Dame👊🏿,16 hours ago,1658271600
doudou sene,UCifE1zAc3IFCna_QWbr30Xw,False,https://yt3.ggpht.com/ytc/AKedOLRWv8A0zjMm6lp7QScCAeO2SqastC4cNqKRmQ=s176-c-k-c0x00ffffff-no-rj,UgxzuIHEvTD9DkOE_LN4AaABAg,False,1,root,Merci dame mbodj sonko rek inchalah,17 hours ago,1658268000
Talla Faye,UCm1UpZCcO9wYBH4oHqhYfVg,False,https://yt3.ggpht.com/ytc/AKedOLR7J5EOyIWI_dtC8dTITiCMD8MeUVw0AFb1hXFflWlRXqLYcckA1r4ZdY5y9-RP=s176-c-k-c0x00ffffff-no-rj,UgzeTWSKAPrRvnwf3mV4AaABAg,False,1,root,Si la france est derrière maky pour un troisième mandat c'est parce qu'elle ne respecte pas les SÉNÉGALAIS.,17 hours ago,1658268000
SG SG,UCOx92mMFTq7kKgqqk18Xeeg,False,https://yt3.ggpht.com/ytc/AKedOLSAn2qMYeO6sjBbAmplkhBPBc3DbacL5TJpAA=s176-c-k-c0x00ffffff-no-rj,UgzeTWSKAPrRvnwf3mV4AaABAg.9dfwWsD4Bh49dh9vnJGFhj,False,0,UgzeTWSKAPrRvnwf3mV4AaABAg,Il parait que c'est l'attaché militaire de l'ambassade de France qui pilote tout,5 hours ago,1658311200
Sarakh Seck,UC0LU7eDqFwlLLYbUKjGI3Kw,False,https://yt3.ggpht.com/ytc/AKedOLTxl7irCmq4pOwsZfJuEuRhYy0V_DYM8p_ZGQ=s176-c-k-c0x00ffffff-no-rj,Ugw0vmA2pw0STj71mmp4AaABAg,False,1,root,Conseil : qu'aucun membre de l'entourage de PROS n'accepte d'être en contact avec Pape Mamadou Seck(à plus forte raison PROS),17 hours ago,1658268000
Youssou Gambien,UC1sZIIJEVaxCHdImiJ6ZMUA,False,https://yt3.ggpht.com/ytc/AKedOLQGaQqIFvrWbSLA46HuU1Q_hMWBnD-Z83OQIw=s176-c-k-c0x00ffffff-no-rj,UgxHbHx-XDaSgVvhdnR4AaABAg,False,15,root,Nous les patriotes ont doit sécuriser notre leader s'il le faut engager des sécurités internationales. USA ou RUSSE que dieu garde sonko notre seul espoir,17 hours ago,1658268000
Massamba Gaye,UCc_S671cBR2CIqKvMt1EwgA,False,https://yt3.ggpht.com/ytc/AKedOLT_yvudKyZeF6XfSCzEyFY-y-l5dB_yQTmvDw=s176-c-k-c0x00ffffff-no-rj,UgwyEK8TwmWVu-ajyEZ4AaABAg,False,1,root,On a tout compris,17 hours ago,1658268000
Dibo Thiare,UCKslS2aXd7nspI8GcTMVt2Q,False,https://yt3.ggpht.com/ytc/AKedOLT900OVWMBAaQQDNreTCFU8mMgTEO9uAB-LBA=s176-c-k-c0x00ffffff-no-rj,Ugz4a-Ru9OaJzEn60rd4AaABAg,False,0,root,Wakhale lo khame mo guéne,17 hours ago,1658268000
Momo Gueye,UCV8x_5tuYaavoDiSgPiK4lw,False,https://yt3.ggpht.com/ytc/AKedOLSHa3qhEansdijlbgCeTNhDYa36dS6ei0MrYkNb_w=s176-c-k-c0x00ffffff-no-rj,Ugz_QNCN6znM3Y68g0N4AaABAg,False,1,root,Kholal rek ga tokk yaw ak sa sokhna cisa bire keur police féke lafa djiape la momato sa bop ga dhiaré fa fatou yalha liii doyna warr kholal boudone sa bop,17 hours ago,1658268000
Aminata Ndiaye,UCcHvB222oScELulDRucx8cg,False,https://yt3.ggpht.com/ytc/AKedOLScmxOwx2G0vjlJGEeX7LMKv_FlutZ976ERNA=s176-c-k-c0x00ffffff-no-rj,UgzwABTWL524ZxwG62Z4AaABAg,False,3,root,Il est clairvoyant dans ses analyses,17 hours ago,1658268000
Aron,UCcHYQevKYVHdJEMxP_5GWxg,False,https://yt3.ggpht.com/ytc/AKedOLSC3UH4tPSQKGw5sPWXGzPzVgeupMC5CrSzqrdODw=s176-c-k-c0x00ffffff-no-rj,UgzyUdGwX1zPFi9ueKd4AaABAg,False,1,root,"Procureur, Barra Sangare, Cheikh Tidiane Gadio gno réye François Mancabou , vous êtes tous en danger tok léne di setane Lucifer sall di def louko nex bounguéne todione thiotou ndeyame legui ngéne ame diam",17 hours ago (edited),1658268000
SG SG,UCOx92mMFTq7kKgqqk18Xeeg,False,https://yt3.ggpht.com/ytc/AKedOLSAn2qMYeO6sjBbAmplkhBPBc3DbacL5TJpAA=s176-c-k-c0x00ffffff-no-rj,UgzyUdGwX1zPFi9ueKd4AaABAg.9dftxi6bCNK9dhA-mwXwC9,False,0,UgzyUdGwX1zPFi9ueKd4AaABAg,"Le plus grand danger du Senegal c'est Antoine Diome, à mon avis",5 hours ago,1658311200
Baye Mamour TOP,UCw8YT_Pul2Vb11PV06in7nQ,False,https://yt3.ggpht.com/ytc/AKedOLQ44YtNRZOSuTNuQ3uMS8w-1VAU3hm2pf0zuHKnUFMgL_bSvTjWqQ-RP2waCc81=s176-c-k-c0x00ffffff-no-rj,Ugx0fR34tx82MHKEgs94AaABAg,False,0,root,J'ai mal et ça me fais honte car j'ai pas la force pour rendre justice à mon peuple 💔💔💔💔😭😭😭😭,17 hours ago,1658268000
Aminata Ndiaye,UCcHvB222oScELulDRucx8cg,False,https://yt3.ggpht.com/ytc/AKedOLScmxOwx2G0vjlJGEeX7LMKv_FlutZ976ERNA=s176-c-k-c0x00ffffff-no-rj,Ugw3c3dnX6AwUOS-IGZ4AaABAg,False,1,root,Merci  notre Dame nationale mais djoulibi doyna war 🤣😂  Nonnn Dame  dou dem,17 hours ago,1658268000
Papa Dieyli Camara,UCgUORuhCqJ9O1WiLd4SojYg,False,https://yt3.ggpht.com/ytc/AKedOLQekggVfxRM9F3fGfIXO6KKt9j49kgaJT3nJ_AnxB1ZxPHQaHZm_vb9L3BOILcE=s176-c-k-c0x00ffffff-no-rj,Ugzx7GwVeTjDF2l2a1N4AaABAg,False,1,root,J'adore DAME MBODJ,17 hours ago,1658268000
Amadou Kante,UCV57w3nVOKWyvRUeYAN3_4Q,False,https://yt3.ggpht.com/ytc/AKedOLRUW3XaJEWvtJJ2CCLCfzI0yyY3XzsJz7YcTA=s176-c-k-c0x00ffffff-no-rj,UgwaLPlO3w2ZZg66gE94AaABAg,False,1,root,Il faut jamais avoir  confiance  ala justice sénégalaise sous le régime de Macky sall,17 hours ago (edited),1658268000
Ndiame Mbengue,UC7QDuvZaBN0pGdTiFlBd-3Q,False,https://yt3.ggpht.com/ytc/AKedOLTWU303zjPU6hbvcpSbWicbT4S-3DGz0YymjxYtSL2lTHj9CmhSrtyMHuhQZWcT=s176-c-k-c0x00ffffff-no-rj,Ugw_fLLB4HBtAuVarRN4AaABAg,False,3,root,Dame Mbodj lii ngua wakh yeupp DEUG leu.,17 hours ago,1658268000
AZBDOU,UCGMhn3oYjaMO1wX4TcqeFAg,False,https://yt3.ggpht.com/ytc/AKedOLQmlC6Ys8wPzS9SR0xbLDxyUcLlHAZphnfuAA=s176-c-k-c0x00ffffff-no-rj,UgwBB_AWJhob7NlkvxB4AaABAg,False,0,root,qui mom nafékh deugeu la,17 hours ago,1658268000
Omar Kandji,UCMEqytgGRW2m-GSCN5wjdTg,False,https://yt3.ggpht.com/ytc/AKedOLTJN9tOUVwWlQg7WHWY5MPn0YJmVPJ6Fgb3mg=s176-c-k-c0x00ffffff-no-rj,Ugxzlwp0ZUQPE-7RGbl4AaABAg,False,6,root,Vérité absolue,17 hours ago,1658268000
Daouda Konate,UCLX6AiJN4NI3bggjFQC-CBQ,False,https://yt3.ggpht.com/ytc/AKedOLQtBTKGgkfqVu9WOtpyoAYZi796sFF31SyVmQ=s176-c-k-c0x00ffffff-no-rj,Ugxv9iF_eRVXmg2WIxp4AaABAg,False,2,root,Merci Dame Mbodje pertinent ils veulent la tete de Pros Sonko point barre,18 hours ago,1658264400
Ali Diarra,UCo5sR8vwpEFSSBw_hBMmgQQ,False,https://yt3.ggpht.com/ytc/AKedOLTRgA0W5Vt0VFQuZEfV-AF76Bgg0wVxUVzgYg=s176-c-k-c0x00ffffff-no-rj,Ugyu5sUsIUuyECfRJKZ4AaABAg,False,0,root,Macky Sall va finir très mal bilahi,18 hours ago,1658264400
adama Dieng,UCHEpgPkF4mFXPPR_5BEXwYg,False,https://yt3.ggpht.com/ytc/AKedOLSSjwgyT9D8ViQR6r8jHGgluR79r924T1xB=s176-c-k-c0x00ffffff-no-rj,Ugz5JrnGofu1vWJcytF4AaABAg,False,1,root,WEEEUUY DAME NATIONALE DINAMA REY. SAPOTTI BOU NIOROUL...,18 hours ago,1658264400
Mourtada Khouma,UCSSgLbhHfcN4tNjeVjEMcNg,False,https://yt3.ggpht.com/ytc/AKedOLRWpFFU-H0z2cQ6Cx8CLc7SWEqGEiPGHDPhe2eKOpHO3qPRDg26t1c-v_of2Eys=s176-c-k-c0x00ffffff-no-rj,Ugzj5xzj-BbAFLZyiEt4AaABAg,False,2,root,Dame yalnangafi yag téwir,18 hours ago,1658264400
Coura Mbissa,UCkG44_bnWMslAUmktveQtiw,False,https://yt3.ggpht.com/uLhVVBbUWFTSLC1LLpKv3by4VyS1KWOTOejFPAsu6afTZG9A04coviQbcmJ97NhMFVzxQz-V_N4=s176-c-k-c0x00ffffff-no-rj,UgxjcRTCCnDA7j3mveh4AaABAg,False,0,root,"Dame, souma sagnoone ngeen baayi di wakh Macky Sall dafa ragal Ousmane Sonko parceque dans ce cas da ngeen di yokk thi kharrmi karaw. En effet Macky est un orgueilleux et cherchera toujours par prouver que ragaloul Sonko, loolou moo indi derives yimouyy deff yepp",18 hours ago,1658264400
adama Dieng,UCHEpgPkF4mFXPPR_5BEXwYg,False,https://yt3.ggpht.com/ytc/AKedOLSSjwgyT9D8ViQR6r8jHGgluR79r924T1xB=s176-c-k-c0x00ffffff-no-rj,UgxjcRTCCnDA7j3mveh4AaABAg.9dfp0vhJEZb9dfpXoonj63,False,0,UgxjcRTCCnDA7j3mveh4AaABAg,Doul way.tais toi stp,18 hours ago,1658264400
Abdellah Abdellahgiani,UCPj8Y9kZYnB6iSsmXLODPIQ,False,https://yt3.ggpht.com/ytc/AKedOLR2UDEALUfy34A5ytPil68l-JJYzVUF29Vr9A=s176-c-k-c0x00ffffff-no-rj,UgwhFcZVSss86TACzS54AaABAg,False,0,root,Mamadou.sek.leknaniouko,18 hours ago,1658264400
Faly Seydi,UCbbqy_jWoAuVeXCbFzpwTbA,False,https://yt3.ggpht.com/ytc/AKedOLTW77_P_7eXXBkgJHaSKpCLn85BDR-g1o8NkA=s176-c-k-c0x00ffffff-no-rj,UgxkTbkZbPENqG6ShCZ4AaABAg,False,1,root,Baye dame amal Jah'm,18 hours ago,1658264400
bino chou,UCaJsfE23FmP3rp9qbC-lOkQ,False,https://yt3.ggpht.com/ytc/AKedOLRkMFTGoyVoagdOSCOQsdvKSG8rPfPeQNklXy20=s176-c-k-c0x00ffffff-no-rj,UgyVPlc6rnE9ZVolABN4AaABAg,False,0,root,🤭,18 hours ago,1658264400
English lessons,UCn-bIBbcD3e_1fjQHo0lJxg,False,https://yt3.ggpht.com/f5_Lz_eu1FFshqoDotDFpYfBecEw6Id79hzEMY9S9Fi8PbGh826eh-S11q11tpppAEiSBpKA=s176-c-k-c0x00ffffff-no-rj,UgwP9jDwX6z-3YjN8cB4AaABAg,False,1,root,Bo sokhla Diangue Arabe AK anglais abonneel CI sama chaîne Youtube 🇸🇳 English Lessons ❤️ merci 🙏🙏,18 hours ago,1658264400
paul basse,UCjK0CZd1ayelcdhuoR8s-bg,False,https://yt3.ggpht.com/ytc/AKedOLTdy-BBK6JM1esDHOxwNAJ53e-_85zqig-VTg=s176-c-k-c0x00ffffff-no-rj,Ugx2AGEMp4yzAqa7JGl4AaABAg,False,4,root,"Dans un pays normal, le peuple aurait déjà commencé à discuter les nouvelles élections pour élire le nouveau président de la République.",18 hours ago,1658264400
adama Dieng,UCHEpgPkF4mFXPPR_5BEXwYg,False,https://yt3.ggpht.com/ytc/AKedOLSSjwgyT9D8ViQR6r8jHGgluR79r924T1xB=s176-c-k-c0x00ffffff-no-rj,Ugz-t3z5YIOxlMR-kI54AaABAg,False,10,root,TOUJOURS COHÉRENT NOTRE DAME NATIONALE MBODJ DIEUREUDIEUF DIEUREUDIEUF DIEUREUDIEUF ❤️♥️❤️♥️❤️♥️❤️♥️❤️♥️❤️♥️❤️♥️❤️♥️❤️♥️❤️♥️❤️♥️❤️♥️❤️♥️❤️♥️❤️♥️❤️♥️❤️♥️❤️♥️❤️♥️❤️♥️❤️♥️❤️♥️❤️,18 hours ago,1658264400
Seydina Alyou DIOP,UCm4WM7LoLq0ooZeReVvjh4w,False,https://yt3.ggpht.com/ytc/AKedOLTWBLvg94aX-LHu1uEzmORVWU06jCAGZepBXQ=s176-c-k-c0x00ffffff-no-rj,UgxpNlN-SOJSDLuwt_R4AaABAg,False,1,root,Dame dou affairou yabb. Affairou maa tey té kou wakh ma rey !!,18 hours ago,1658264400
M. Ndoma,UCLV4i5kVr5Bnm9bB3GsMilQ,False,https://yt3.ggpht.com/ytc/AKedOLScpgCX9hF4DzNWvXUYaO4Q9mM-BILl5rZecw=s176-c-k-c0x00ffffff-no-rj,Ugyy1aeZ55M_8prO1x94AaABAg,False,1,root,Ce qui est sauvage et bestial c'est le moyen que certains gondwanais ont trouvé pour justifier l'assassinat d'un être humain. Pourtant le défunt n'a rien de moins que le procureur et l'ensemble des familles des commanditaires de ce lâche assassinat en termes de droit et valeur. Le défunt a beaucoup plus de mérite que les tueurs et leurs chefs,18 hours ago,1658264400
Ibrahima Sane,UCIKZ8_JuZ2Rm4_hYGF0vNZQ,False,https://yt3.ggpht.com/ytc/AKedOLT-fLdjD5Pdk-xwFNS65w1EN4OU65StCd5oLwSqJsjpjtvJczQg_OlkTBMgiD4I=s176-c-k-c0x00ffffff-no-rj,Ugz4siDroR4GRyamoZZ4AaABAg,False,0,root,"Dame le mythomane. Dame spécialiste en tout. Tu auras ton doctorat en mensonges. Comme que nos universités ne forment que des bavards, nos plateaux sont remplis de manipulateurs, de mythomanes. Il paraît tous ces mensonges c'est pour être ministre de l'éducation, c'est le deal. Le Sénégal ne descendra pas si bas jusqu'à avoir des fous en costumes comme ministres",18 hours ago,1658264400
toure el hadjie,UC-_u3NL66uB3IPOTADNiahw,False,https://yt3.ggpht.com/ytc/AKedOLSQp3lIojmRT_kIFyoK11ShLYcdjyUWE0l4WA=s176-c-k-c0x00ffffff-no-rj,UgyVFckcxaJeUldRrqd4AaABAg,False,3,root,Merci beaucoup dame mboudj toujours partinat,18 hours ago,1658264400
Djiby Beye,UCR_zAVsTEx32qkR8QSy6XUg,False,https://yt3.ggpht.com/ytc/AKedOLT0F0LEPSnnDahN7cmmoBDwf8MVmqGVdq62xw=s176-c-k-c0x00ffffff-no-rj,UgyF9XjaOljPfgSKONx4AaABAg,False,0,root,no dame damala beug ndakh ligay wakh dafa nékhé deug kou teukh sakh dakoy dég,18 hours ago,1658264400
haby cisse,UC4ip8Wmh48sBdXPedgPdIWg,False,https://yt3.ggpht.com/ytc/AKedOLSqudKqpkUOGnoCxGoBsI6IJomWLUnDJrN9vw=s176-c-k-c0x00ffffff-no-rj,UgzcGuwSez3dOUe8Yo14AaABAg,False,17,root,Franchement DAME MBODG EST TRES PERTINENT DANS SON DISCOUR,18 hours ago,1658264400
Yande Diop,UC5Cf5hIcr2Oi6tfQb-fJMmQ,False,https://yt3.ggpht.com/ytc/AKedOLS-xN312Dbqn8_SPvhU_tQwe7m3-T0xlG0I7MqZGWOC7E9swGUXVwAteg1KzMmM=s176-c-k-c0x00ffffff-no-rj,UgwN33EzfDJTN_2bkZt4AaABAg,False,1,root,Vraiment c'est une honte,19 hours ago,1658260800
Aida Traoré,UCoPNEU29w6MizG6_IjaoFsQ,False,https://yt3.ggpht.com/ytc/AKedOLSUKScGHj_nd4yjjo6BF0p5ZZEiSSAWH2auFQ=s176-c-k-c0x00ffffff-no-rj,UgxSEvUQnk_6LTd0FKx4AaABAg,False,3,root,"Diereudieuf Dame ,tu as tout dit",19 hours ago,1658260800
Safaa Camara,UCeykPW_X-UCRju8_8di5XkQ,False,https://yt3.ggpht.com/ytc/AKedOLRmLSnwuijlQso0aUpMoGGhBELzHj4pjWw9gA=s176-c-k-c0x00ffffff-no-rj,UgzM9Pvfei6kIj1nmG94AaABAg,False,1,root,Merci Beaucoup Dame Mbodji,19 hours ago,1658260800
Falilou Keita,UCvjbvTGFaOK6V0qz1ITCL_A,False,https://yt3.ggpht.com/ytc/AKedOLSLGMqtKNmt08jyAx5n4JOMRuFQP_dWj-t4Iv9zlPY-o7NLfBOdMbwI3AFn0RQw=s176-c-k-c0x00ffffff-no-rj,UgynfEYyTYuPaBkOnoN4AaABAg,False,0,root,Café bou tangue sa dou dougou si biir violon,19 hours ago,1658260800
Cheikhna Coly,UCUsCqmYik1nXk_qi2FYt47w,False,https://yt3.ggpht.com/ytc/AKedOLQvmNL3h1wZ3Ai2P8Kda1PW1jgwWFGDbLRBCt9GjZtniVTAoG7wh7W9YUqjdNpJ=s176-c-k-c0x00ffffff-no-rj,Ugxyrzu9P89OZGZ7rBZ4AaABAg,False,0,root,Merci Dame,19 hours ago,1658260800
sanou Mbengue,UCGcPuX0G33VT0NNCT5CW_rg,False,https://yt3.ggpht.com/ytc/AKedOLRcY_oTuF74p5FFoUrW0lLzg4Gea3IT8uEwWQ=s176-c-k-c0x00ffffff-no-rj,UgztQ5qu7R7AvU1M1SF4AaABAg,False,3,root,Biillay Dame MBODJI mala beugueu,19 hours ago,1658260800
Doyen Faye,UCE9qNMc01AB_rP_60i6V0vg,False,https://yt3.ggpht.com/ytc/AKedOLSRjBAsvaRY452rT-RlSlJBgFuJiiCjXqdqJyJA=s176-c-k-c0x00ffffff-no-rj,UgwFxSfmT5GAjRXigvl4AaABAg,False,1,root,Avez-vous vérifié si la photo de Mamadou seck à été envoyée dans les différentes brigades de gendarmerie pour recherche ?,19 hours ago,1658260800
Babacar Diop,UCUAFlvyAx5j3XS1G0TYunGw,False,https://yt3.ggpht.com/ytc/AKedOLTwlVilo7Q_9A1NGe2uQsjfdbeOxBFFkBnZNQ=s176-c-k-c0x00ffffff-no-rj,UgyDrSUQMDBZZD7Y2j54AaABAg,False,0,root,"Il faut relever les noms des policiers qui ont torturé François mancabou et les traduire en justice  après 2024 avec seydi bocar yagg,  général moussa fall , barra sanghare procureur hamadi diouf  , félix Antoine NIAK DIOM, malick sall et leur commanditaire namrod sall",19 hours ago,1658260800
Babacar Diop,UCUAFlvyAx5j3XS1G0TYunGw,False,https://yt3.ggpht.com/ytc/AKedOLTwlVilo7Q_9A1NGe2uQsjfdbeOxBFFkBnZNQ=s176-c-k-c0x00ffffff-no-rj,UgwXWgazG2hqN4ZEEEl4AaABAg,False,0,root,"Il faut relever les noms des policiers qui ont torturé François mancabou et les traduire en justice  après 2024 avec seydi bocar yagg,  général moussa fall , procureur diouf  , félix Antoine NIAK DIOM, malick sall aissata tall sall  et leur commanditaire macky  namrod sall",19 hours ago,1658260800
I diang,UChx-1X5O4NF7FfV-u2vqfTg,False,https://yt3.ggpht.com/SWqvkC-SdEsNvPrKhaI89CtIVlJG7FSqL9GV5k0Swe5rODS5BxpcLSUEFHbegLXUd0RBvRO6=s176-c-k-c0x00ffffff-no-rj,UgykQ_KSIEJ6cNvmlsl4AaABAg,False,6,root,QUE YEWWI ET WALLU GAGNE LA MAJORITÉ À L ASSEMBLÉE ET MU SEL MI KAR MACHALLA DELEN KOSI BOLÉ NDAKH THIAT SERA ÉLU INCHALLAHOU RABI 2024,19 hours ago,1658260800
Moussa Diagne,UCY0PzAUWm0hFzMwURuzycug,False,https://yt3.ggpht.com/ytc/AKedOLQarP1ksbFFdtr62KJcIQAwtzSLlomnWZMKKw=s176-c-k-c0x00ffffff-no-rj,UgyF9I-Yxu8r9KQhCfh4AaABAg,False,0,root,"c'est macky marionette sathie salté sall, son ministre de l'interieur et son procureur qui l'ont tués diotna SENEGALAIS YI diogue diakarlo acke macky marionette et son regime",20 hours ago,1658257200
Gueye Ass Khadim,UCxb3r-cCOUzVQR8dTev6Ecw,False,https://yt3.ggpht.com/ytc/AKedOLS3RGfGp_Gp3d0vZK5xNqreqJ1-Wt-jdZd8n6f2=s176-c-k-c0x00ffffff-no-rj,Ugw0BfOhhjaf8QpCSDF4AaABAg,False,0,root,Que des foutaises dans mon cher pays le Senegal que toute la jeunesse se mobilise pour la revolte,20 hours ago,1658257200
Oumar NDOUR,UCiButV2xLYm2TcarhTNvFug,False,https://yt3.ggpht.com/ytc/AKedOLTxo3oHCTlUU4fiBIpzUmiv7qu2zeSD74tZTsPYY_U=s176-c-k-c0x00ffffff-no-rj,UgzCNap3A1wjCchWGA14AaABAg,False,0,root,"en réalité on a une presse de merde qui distille des infos mensongères pour appuyer le pouvoir dans sa bêtise et sa mauvaise foi, le jour où macky foutra le camp vous allez comprendre",20 hours ago,1658257200
Maguette,UCBy5ZJY_6BChq0yIxl1yi9w,False,https://yt3.ggpht.com/ytc/AKedOLTcF447kcg7f_yFqDsvm78n6Rf0p3ipfkOyaA=s176-c-k-c0x00ffffff-no-rj,UgzzzrJlDsjySxB0Pit4AaABAg,False,2,root,allahou akbare sosse rék Sénégal yakhouna complètement,20 hours ago,1658257200
abdou ndiaye,UCkDM8A7WOmnMcyShDiZ_hEQ,False,https://yt3.ggpht.com/ytc/AKedOLQZK9mh00xG7T9ZAh_MW9YkaGyGv-nLQ0G7qa6BNHBbZAHk5-aLD5Ns7Bd9LHAa=s176-c-k-c0x00ffffff-no-rj,UgwDnI2W5G3x--532E54AaABAg,False,0,root,😭😭😭,20 hours ago,1658257200
Aminata Gassama,UC2GC9VI4GbsonuXcV1_rJ0g,False,https://yt3.ggpht.com/ytc/AKedOLThxN7SoQqH5LQBVbUtmm-JZJn4ZYYGhnk_frUQvWVlYI15x3Gu_ZTjQ3GS2uVT=s176-c-k-c0x00ffffff-no-rj,UgwXx9D3o6e0RXeawSt4AaABAg,False,3,root,Bien dit  grand Dame Mbodji .,20 hours ago,1658257200
cheikh tidiane wade,UCDlj7p5taUil99x03G8woYw,False,https://yt3.ggpht.com/ytc/AKedOLRuZDrvB5Z7LFr1iCjKDxzR-s2Fy4VHpXEmLg=s176-c-k-c0x00ffffff-no-rj,UgwvbsGOSZYBbc6af2p4AaABAg,False,4,root,DAME CE QUI ME FAIT MAL MOY NEKO CANDIDAT POUR DEME ASSEMBLEE,20 hours ago,1658257200
Assane Gueye,UC6ZitxxKq8B8N2cvYC-lFyA,False,https://yt3.ggpht.com/ytc/AKedOLRtUQIGQZGvGktHQ5NzSlw9A419goAHKDt-pA=s176-c-k-c0x00ffffff-no-rj,UgwdCx-X5Ph9an55x2l4AaABAg,False,3,root,Toutes nos institutions sont à terre par la faute  de Macky Sall et son régime,20 hours ago,1658257200
fatou youm,UCmnNN10DUujzaMsW954meSw,False,https://yt3.ggpht.com/ytc/AKedOLRBQLMj-lrGM3awgprLizY9W-8VVQjJiWJPtQ=s176-c-k-c0x00ffffff-no-rj,Ugx2J3trngoyKIMd_M94AaABAg,False,1,root,Autorisation port d'armes amoul délai. Sénégalais ne sont pas pimentés sinon on allait réglé cela depuis longtemps,20 hours ago,1658257200
Malcolm X,UC9buehiBhtUaJhgbN_gLR3Q,False,https://yt3.ggpht.com/ytc/AKedOLREiVqiwEwoDvSTtJr7FZivzcSFvJBR6Q7mlQ=s176-c-k-c0x00ffffff-no-rj,UgxW-hFPM8Kb2aLBXlF4AaABAg,False,1,root,Merci Dame,20 hours ago,1658257200
Abasse Cisse,UC358wQK3_ES5zfXJzqMiJbA,False,https://yt3.ggpht.com/ytc/AKedOLTQAwhTkeHU7eqlwEPgY6A936PjODUfelRd3A=s176-c-k-c0x00ffffff-no-rj,UgylzF8GKxVDwiZLNoN4AaABAg,False,8,root,Y’a pas de justice au Sénégal wollah que colère dAllA s’abat sur eux l’état vayou et tout son orquestre,20 hours ago,1658257200
Oumou Sylla,UCU2u9pQVgPwN-rMeJVUjUAg,False,https://yt3.ggpht.com/ytc/AKedOLTGxkA8TDzISdC3aofzS7Ud38TaX9qea1_1JaQw03WUg-a7z9aXYtwg2my6Te26=s176-c-k-c0x00ffffff-no-rj,Ugwesjs6jEXA3xC595h4AaABAg,False,0,root,SI la France corrompt un prèsident franceAfrique JUSQU'A bruler son pays je vous dis sa famille va servir de buches pour ce feu,20 hours ago,1658257200
Oumar Sy,UCSW20tQe5qRyNZKIMAOxlyQ,False,https://yt3.ggpht.com/ytc/AKedOLR7bzmSW04B4x8cJeqXFpptukg5ZLicVeg0bw=s176-c-k-c0x00ffffff-no-rj,Ugza1GfoDAdTnCj-JOV4AaABAg,False,8,root,Merci beaucoup M. Mbodj vous êtes vraiment véridique continuez comme ça ❤️🥰,20 hours ago,1658257200
Fama Sankhe,UCvSH2IwFbEcVXoR5w8rR-Qw,False,https://yt3.ggpht.com/ytc/AKedOLSeaP6-Kluc964jPNlvXUL_puI1rCyHwWHzQw=s176-c-k-c0x00ffffff-no-rj,UgxyhjnDqGqrL1lHDxN4AaABAg,False,1,root,Dame yallah na yallah samou la blh,20 hours ago,1658257200
Alassane Dieme,UCBPaG8aiq5qmjntcMlIBv-g,False,https://yt3.ggpht.com/ytc/AKedOLSYcSWiOFf79PoK-L6GcJQ2g02tcrDgqSRl8Q=s176-c-k-c0x00ffffff-no-rj,UgxdIs0y4JFhs-C4jth4AaABAg,False,3,root,On a tout compris c'est tout ça pour arrêter OUSMANE sonko,20 hours ago,1658257200
Diao Abdou,UCxpo7SZD4iPBytPg_Hwk70g,False,https://yt3.ggpht.com/ytc/AKedOLRtKrf9PhlwhZXgs5MCw4kwXMTXSQQ66HVK2IP7=s176-c-k-c0x00ffffff-no-rj,UgwiVS08OK-lG5hMokh4AaABAg,False,5,root,"Dame yaa waurr
Rip Francois",20 hours ago (edited),1658257200
Sarata Dieme,UCNh8FwFv8vI6ZzjmRDoWb8w,False,https://yt3.ggpht.com/ytc/AKedOLQMQSXPV-UF8JmBYhB8hDX2ukgznfEcVzcOUQaAltSPtEdt0zHysF67F2hkNLhz=s176-c-k-c0x00ffffff-no-rj,Ugyo8m2-jW_HMWgCGaF4AaABAg,False,2,root,Merci beaucoup dame,20 hours ago,1658257200
Oumou Sylla,UCU2u9pQVgPwN-rMeJVUjUAg,False,https://yt3.ggpht.com/ytc/AKedOLTGxkA8TDzISdC3aofzS7Ud38TaX9qea1_1JaQw03WUg-a7z9aXYtwg2my6Te26=s176-c-k-c0x00ffffff-no-rj,UgzmOf9Sgtv4OR7O8od4AaABAg,False,0,root,Ce que vous ne savez ce règime a recopiè toutes les mauvaises pratiques du monde entier.  Tout ça pour atteindre des opposants politiques,20 hours ago,1658257200
Mé2un,UCjDc7Dk7RzMuUL16dd_quPw,False,https://yt3.ggpht.com/ytc/AKedOLTvQvonBKIqUPdIy0Zx3iRmN4GfWLKHr5QAlg=s176-c-k-c0x00ffffff-no-rj,UgzYG-K6TMyU8RQaKL54AaABAg,False,1,root,Mane ma beugue wadji,20 hours ago,1658257200
Mé2un,UCjDc7Dk7RzMuUL16dd_quPw,False,https://yt3.ggpht.com/ytc/AKedOLTvQvonBKIqUPdIy0Zx3iRmN4GfWLKHr5QAlg=s176-c-k-c0x00ffffff-no-rj,Ugztf4wsZBsGWIz5EZx4AaABAg,False,1,root,Non mane je ne comprend pas mon pays maintenant!!!,21 hours ago,1658253600
Assane BA,UCfDnO_QwsxygXcB06ixibFg,False,https://yt3.ggpht.com/ytc/AKedOLSnwCU2-nG7mbE0VVkxKqkxVLV2A9351EUycg=s176-c-k-c0x00ffffff-no-rj,UgyFv4pK-Go1oW1jN8d4AaABAg,False,0,root,thiey dame qui d'où nitte,21 hours ago,1658253600
fatima ciss,UClrQsJnExbEFSBnFg5dLRyA,False,https://yt3.ggpht.com/ytc/AKedOLREXtdmZ3EdUqG9USfxyvkutWx12KYH57p0KQ=s176-c-k-c0x00ffffff-no-rj,Ugz3lLAf2Y2_mH7Ubqh4AaABAg,False,11,root,"Le cas de Mamadou seck me fais pensé à celui de LUMUMBA , ils l ont tue avec ses 2 colaborateurs  après dire au peuple qu il s’est évadé 😔",21 hours ago,1658253600
Cheikh Seck,UCbBRgEjApWboM_hHw-L0jyQ,False,https://yt3.ggpht.com/ytc/AKedOLTPSC5aq5dTEy9HJLdIgfj5gM7W0F7Mkoan=s176-c-k-c0x00ffffff-no-rj,Ugz_I5wNmcud9bVQ4UZ4AaABAg,False,9,root,Merci dame nitou deuge yalna sa diame yageu,21 hours ago,1658253600
sadio bah bantagelle sadioFreeman,UC1gfQY9C9JJlVbjQ9IzwP_g,False,https://yt3.ggpht.com/ytc/AKedOLQmQrEmBodFMrdhcb83C-l427AKfQL_WEHxWw=s176-c-k-c0x00ffffff-no-rj,UgwQRhgXME5CrQZcW_p4AaABAg,False,11,root,L' international dame mbodji le peuple et content de vous respect,21 hours ago,1658253600
Millones Yv,UCmvVJzyPy7cX0TVt5tbgJSQ,False,https://yt3.ggpht.com/ytc/AKedOLRY-bOu5u52X-lwRv7OAqXf-4mYf2XnRWDTPWYz=s176-c-k-c0x00ffffff-no-rj,UgxgRr4QlhQfNTbb9nV4AaABAg,False,0,root,Police senegal khana dolen deh boulene fate bambel mane douma bale police te yalla mo takh mierde police senegal c la mierda,21 hours ago,1658253600
Papa sall,UCYeHJzcil3r1PuFs6Hjpl9A,False,https://yt3.ggpht.com/ytc/AKedOLQuB2EJt3_4Y-XJ7o7v5D_YobuNBzhdTOihgg=s176-c-k-c0x00ffffff-no-rj,Ugwmp4beGr0XiHkXGcF4AaABAg,False,5,root,"Dame Mbodj is cool 
He must be a investigator
Good job Dame",21 hours ago,1658253600
Deguene Ndir,UC4DFe_lsx-PT9yrcURtX1Hg,False,https://yt3.ggpht.com/ytc/AKedOLSg3ZD47V2a7nkV50u9RdP5zz3bl9zPX-qM=s176-c-k-c0x00ffffff-no-rj,UgyUQxucS4S67Urzdg94AaABAg,False,1,root,Macky sall Amoul diomm,21 hours ago,1658253600
walimata fall,UC-S9zLMwGCHdPPh1hAZoCAA,False,https://yt3.ggpht.com/ytc/AKedOLS3zh7_p7wHF7sUwS7vjn0oiIBeCfzd0eVkEA=s176-c-k-c0x00ffffff-no-rj,Ugwrp6-jquHEvV7htJV4AaABAg,False,0,root,"Salam merci dame mbodji nî sougnou borom di neure mélé séni pékké PR.O.S    dinaléne gueune démine nake 2014 ba légui talougnou liguéyale dara askanou Sénégal ba askane wépe babékou tope PR.O.S kou wédi yeureule campagne législatives yi ,wayé gnogui alerter au hold-up électoral.",21 hours ago,1658253600
Rouguietou Sy,UCbLlIHTZXh3dMunnZ0p2NZA,False,https://yt3.ggpht.com/ytc/AKedOLRiTv2EOk-dXx6q23AwXyZOKdW_5SechMk6fA=s176-c-k-c0x00ffffff-no-rj,UgwBydi1DhSjzkUh47l4AaABAg,False,3,root,Bilahi sama yaye lolou lama wakh néna heureusement baniou yoboul autorisation port d’arme bi parce que bounouko yobone danoukoy sakal pékhé ni amouko.non gni nio bone deug deug mane nima banié injustice li niou def Francois meetina trop,21 hours ago,1658253600
Deguene Ndir,UC4DFe_lsx-PT9yrcURtX1Hg,False,https://yt3.ggpht.com/ytc/AKedOLSg3ZD47V2a7nkV50u9RdP5zz3bl9zPX-qM=s176-c-k-c0x00ffffff-no-rj,UgxaefDWgQWMas0qhmB4AaABAg,False,3,root,Macky sall ak gnimou andal kèn baxouci...justice pour mancabou,21 hours ago,1658253600
El hadji ady Diop,UCF0rktpFxbUs8zfP6_jPphg,False,https://yt3.ggpht.com/ytc/AKedOLTpLkf7axsqaqhaG5wtbCqGc0ykAcghMZ8_fQ=s176-c-k-c0x00ffffff-no-rj,UgxcmZzE1whlfhFoLlF4AaABAg,False,6,root,"Il a raison des. En tout cas, personne n'emprisonnera sonko.",21 hours ago,1658253600
NIANG Mr,UCB8wd6PBkAJCI1GOqhfCcEw,False,https://yt3.ggpht.com/ytc/AKedOLTvi_iColwNGBvg1utAzWoZZ7DBDXkBn_ClfAvUn31xat-31So5-j4E3x7ywwht=s176-c-k-c0x00ffffff-no-rj,UgycXMf0qdm0L5_4hMB4AaABAg,False,5,root,DEGGAGER LA REIGNE DES FAYE SALL SINON NOUS ALLONS TOUS MOURIR DE FAIM...,21 hours ago,1658253600
Lamp Fall,UC-974G_NcpPA54sAwuPoSbA,False,https://yt3.ggpht.com/ytc/AKedOLT5YPqtINEqs8hys8qHj-C9knKb2uuokxoPjQ=s176-c-k-c0x00ffffff-no-rj,UgyARyRHFltU4M9cx214AaABAg,False,1,root,yaw ndame hamga lép té yalla ngui guisse lép,21 hours ago,1658253600
ASHOUKOURA DIOM,UCIw0Awvj-J5J18-CUuQHRig,False,https://yt3.ggpht.com/ytc/AKedOLRGWvwHQO5ARGzCjx3scv9SSJ-3Wr_RvMN5jS6ails=s176-c-k-c0x00ffffff-no-rj,UgwKDJBEsfMYSKOkDch4AaABAg,False,14,root,"Sénégalais yii war nagnou deuglou message  YALLA SOUBHANAOU WATALA .
La majeure partie de ceux qui ont été  tués  leur famille témoigne qu'ils ne manifestaient pas. 
Le message est  qu'il faut que tout le monde se lève ensemble pour manifester et retouner la situation du pays.",21 hours ago,1658253600
mamejiara nogm,UCtHk9MTZIQdXxZNCFbVfUWA,False,https://yt3.ggpht.com/ytc/AKedOLRYEM8hldxxgkbo97XxqVSrq4NXReWAitbz3HkezT-9pywTuzjcOYjDeVamoLKm=s176-c-k-c0x00ffffff-no-rj,Ugw7kPicFDp_u5KP18N4AaABAg,False,0,root,Lolergawakh🎤🎤,21 hours ago,1658253600
babacar kandji,UCp_qU3jBUgJseJOQy4Q4hlQ,False,https://yt3.ggpht.com/ytc/AKedOLT4DIbt3--Omc_OCmIbQzv0xnSJI587QNffdeaoKsL71R3LC9oteRPbjSG5BAi7=s176-c-k-c0x00ffffff-no-rj,Ugxi7TxLH3UPs3HF3ch4AaABAg,False,0,root,"Dame mom nimouy djaarei ci digu bi beine la fi , lim wakh yeup Deug leu , ce préfet de Mackyavelique sale nous prends pour des chiens errants , et nous aussi on se laisse faire ,nafeiikhh  yi beuri ci deuk bi feiss deileu,keine dou ci wakh Deug ndakh avantage yoy am ci préfet France bi Mackyavelique sale , nagn deim reik !!",21 hours ago,1658253600
emilie sarr,UClNOmo_J69OnKkL_SsLOtUg,False,https://yt3.ggpht.com/ytc/AKedOLSaMX4WVcUpaR08TVtm_DjDsyD-3TAp82xRWQ=s176-c-k-c0x00ffffff-no-rj,UgyyScavHYyEnruosPF4AaABAg,False,42,root,Justice à deux vitesses. LA JUSTICE DIVINE SÉVIRA inchallah,21 hours ago,1658253600
Balla Tamba,UCadQRkf-yYmtWYWBsHg_4_Q,False,https://yt3.ggpht.com/ytc/AKedOLRBTaxg7bPR5EYnONJg_bDsSZdvwx8tNoLgVPW3oUrwmyaRu2c28z8RkdAAtuw0=s176-c-k-c0x00ffffff-no-rj,UgyyScavHYyEnruosPF4AaABAg.9dfRqPUAJ3k9dgD3FJvQ5n,False,0,UgyyScavHYyEnruosPF4AaABAg,Inchallah,14 hours ago,1658278800
God is the greatest☝🏼,UCtOIShUVRFgkPrLjdUrEAJQ,False,https://yt3.ggpht.com/_gH5sQbRLBVFHHWTyWVmhZHh7p--49_HRqd9TNkkWEly5TRsEegmFqwwWBbhKAN2NceHgs5_HQ=s176-c-k-c0x00ffffff-no-rj,Ugy0RdgJrh0kTKFg5h94AaABAg,False,10,root,Mr Dame Mbodj un homme véridique,21 hours ago,1658253600
emilie sarr,UClNOmo_J69OnKkL_SsLOtUg,False,https://yt3.ggpht.com/ytc/AKedOLSaMX4WVcUpaR08TVtm_DjDsyD-3TAp82xRWQ=s176-c-k-c0x00ffffff-no-rj,Ugwg5TfE5ulXXMSgoT94AaABAg,False,0,root,Les sages-femmes de tivaone sont toujours en prison pour avoir eu sur leur responsabilité la surveillance des bébés même si elles étaient incapables d’éviter cette incendie ou d’en extirper quiconque sauf au prix de leur vie. Donc ceux qui devraient assurer la sécurité sont responsables de la mort de quiconque arrête et mis en garde à vue. Libérez les sages-femmes !!!,21 hours ago,1658253600
pierre gomis,UCm7AiniQtR015oXWbY5tMIw,False,https://yt3.ggpht.com/ytc/AKedOLSnJLlZk_Hp-2BGPyk8OHOKd-BfembHqlWMeSHUNA=s176-c-k-c0x00ffffff-no-rj,UgwacculgUUB4U36_QB4AaABAg,False,4,root,Dame Mbodj rekk,21 hours ago,1658253600
Sidy Ly,UCOSwVD2EU1Qv6n_p6Vwx57Q,False,https://yt3.ggpht.com/ytc/AKedOLSiSFqaaBAHpTwNcUxgw9agbN506uveKABvTw=s176-c-k-c0x00ffffff-no-rj,Ugz6lFCGe7_lO3EQz6x4AaABAg,False,1,root,dieuredieuf  dame,21 hours ago,1658253600
laure fabian,UCCK6ng41MTH7F1MtOQuSi6A,False,https://yt3.ggpht.com/ytc/AKedOLQOSlniMC-8hdqUzDWeH5TYH2JDwBJDEGV2PQ=s176-c-k-c0x00ffffff-no-rj,Ugxv87uyA5aobpXH-fZ4AaABAg,False,0,root,😁😁😁😁ceinture bi,21 hours ago,1658253600
Martial Boba,UCMXgXAcGTooQ_rGX_kTm8KQ,False,https://yt3.ggpht.com/ytc/AKedOLSD7mGHf8yqDyRxIL5cd5gK7pHEsXWum7lCzQ=s176-c-k-c0x00ffffff-no-rj,UgyDYl74xHdAFLkkRYl4AaABAg,False,0,root,Il ont tué François mais ce crime crapuleux ne va pas reste impunément les coupable vont le payé très très cher Inchallah,21 hours ago,1658253600
LEMZO,UCCZXWyY3iN-_Bxu-XCuXKOA,False,https://yt3.ggpht.com/AIdxioOvHwh2L06HErOewq-0B6f_5vjQ5kXD9rrxzWu7HCYiZRulQpi3ZSDQ_sv_GmgaUjT8=s176-c-k-c0x00ffffff-no-rj,UgwKbxGJoZjSnTxa4lR4AaABAg,False,19,root,"c'est normal que le procureur ment ,leur chef à toujours menti au Sénégalais.par contre leur objectif  final c'est d'arrêter Sonko.",21 hours ago (edited),1658253600
Marietou Diop,UCT0sWXoa-vd08gOrGpRq6bA,False,https://yt3.ggpht.com/ytc/AKedOLR1dGMMjJgPA3YvBoeuTTKTMXWEvBOa1DwVrD28HA=s176-c-k-c0x00ffffff-no-rj,UgwKbxGJoZjSnTxa4lR4AaABAg.9dfRGunZrHc9dfx9nevn0C,False,0,UgwKbxGJoZjSnTxa4lR4AaABAg,Bilayyyy nagnouko diap dotougnouko defati,17 hours ago,1658268000
Ibrahim Tambadou,UCDd3e-BnzwGc9j9DhYziD0A,False,https://yt3.ggpht.com/ytc/AKedOLTJb-JyNPalBilK5zBqJN_oUh8laRBIihwU5w=s176-c-k-c0x00ffffff-no-rj,UgzwhgiTaTS2z5N7Z7J4AaABAg,False,48,root,Monsieur Dame vraiment tu es un homme véridique,21 hours ago,1658253600
laure fabian,UCCK6ng41MTH7F1MtOQuSi6A,False,https://yt3.ggpht.com/ytc/AKedOLQOSlniMC-8hdqUzDWeH5TYH2JDwBJDEGV2PQ=s176-c-k-c0x00ffffff-no-rj,Ugwc0KSL8y9oucrPxPh4AaABAg,False,3,root,Dame ndanane bi,21 hours ago,1658253600
Sidy Ly,UCOSwVD2EU1Qv6n_p6Vwx57Q,False,https://yt3.ggpht.com/ytc/AKedOLSiSFqaaBAHpTwNcUxgw9agbN506uveKABvTw=s176-c-k-c0x00ffffff-no-rj,Ugww5PBn_YiEZf27Mo14AaABAg,False,5,root,Dame dou nit,21 hours ago,1658253600
Diène Khadiata,UC9aEmW_EmLQ36U_okf436jg,False,https://yt3.ggpht.com/ytc/AKedOLRZb9dsasw_8stfzpK0gK4-42HxXr6jORK6yw=s176-c-k-c0x00ffffff-no-rj,Ugwllup7T-Lnj5geoR14AaABAg,False,14,root,Salam ❤ thiamign-gnou diambour LOLOU-MO-AME BOU-KO-SENEGALAIS-YI-NANGO MO-DIALÉ WALA-GNOU-RAYE LÉNE 🙏🏿❤️,22 hours ago,1658250000
Hchj Hjjj,UCLhKH2hs1pAttWpOFZLwiDA,False,https://yt3.ggpht.com/ytc/AKedOLTVCbDbXycCpWJgPsH6UTKafl4RfmTs6huUEw=s176-c-k-c0x00ffffff-no-rj,UgwunSvmEAcT9H9MSSV4AaABAg,False,6,root,No! Vraiment Dame m'bodje gôr deugue leu! 💪💪💪🙏🙏🙏❤❤❤🇸🇳🇸🇳🇸🇳,22 hours ago,1658250000
S Sambou,UC-fXTZKxCdcL61I_31LjlTw,False,https://yt3.ggpht.com/ytc/AKedOLRcbS2opOVLZrlldncIiRsnoXlVnCTqm-eqUE6dJQ=s176-c-k-c0x00ffffff-no-rj,Ugw933251XTeK8Qt6Cp4AaABAg,False,13,root,"L'anecdote de dame mbodj a beaucoup d'enseignements sur notre relation  avec God ,en ce qui concerne notre securité.
Ganaw 《mounoofa dougal dara》 ,c'est la preuve irrefutable que kou djapni galadj meunnala arr rékk ladjiga bou yagg
Que la protection de Dieu soit sur tout le monde et qu'il nous pardonne nos manquements et nous guide vers le droit chemin.",22 hours ago,1658250000
Mareme Kech,UC-XkKsTPNEW-74wdFrCKQEg,False,https://yt3.ggpht.com/ytc/AKedOLSc47pI8tBlYV3dOVsfaP2CBjy05hAeMOrPNA=s176-c-k-c0x00ffffff-no-rj,UgwPf73xR3s7pF5kQhh4AaABAg,False,6,root,Merci  DAME ❤❤❤❤❤❤❤❤❤❤❤❤🙏🙏🙏🙏🙏🙏🙏🙏,22 hours ago,1658250000
Bineta Sané,UC86OeMqtzxYfvan_w9LEptg,False,https://yt3.ggpht.com/ytc/AKedOLR51FasDCMCz6Sxg3aMYuMzF_jqGa20lbqGHApuEdP-ljZq2NRUdXUtaHFpOrXv=s176-c-k-c0x00ffffff-no-rj,UgxwPKk-3Xd4ukMg_9B4AaABAg,False,12,root,Bilay ce procureur est une honte merci beaucoup Dame,22 hours ago (edited),1658250000
Marc Mendez,UCyLozEwla18012NmM_kMuow,False,https://yt3.ggpht.com/L7FNE3XrRSOk9fGDCLMTTgx9SoGgcq3add2VBpwaLf7z1z0ngoNPVS8_g2uPvqS4yOtwidTG=s176-c-k-c0x00ffffff-no-rj,UgzHeV6vP9sklcDNCFB4AaABAg,False,7,root,Assemblée Moy sa place Mr Mbodje,22 hours ago,1658250000
Aicha Fall,UCIxtUodujZHAyC5cXHRmZlQ,False,https://yt3.ggpht.com/ytc/AKedOLQVzgmANWuKwePWAYSQF_BHtOIVzUcg_rNooQ=s176-c-k-c0x00ffffff-no-rj,UgwNR_CbntfzLX81siB4AaABAg,False,3,root,Non dame beugeu nalla dagua degou t yalla rk takhhhhh,22 hours ago,1658250000
Cheikh Amadou Diouck,UC-p-xp0l2t-bMED78jncBfA,False,https://yt3.ggpht.com/ytc/AKedOLTQjzoIIezlwBG4JQLz34_cxIHiysm0WSFxZA=s176-c-k-c0x00ffffff-no-rj,Ugza4DifOiZl4Vo4Suh4AaABAg,False,4,root,Merci mbodj,22 hours ago,1658250000
ismaila diallo,UCC4gLL07rvhvZHFtGdIEAzA,False,https://yt3.ggpht.com/ytc/AKedOLTGyvMClHnspcp_urWrjVgQgK0KOBPQdo8EXoBb=s176-c-k-c0x00ffffff-no-rj,Ugz-fmf1OojNhkg6JSF4AaABAg,False,26,root,Respect Dame on est fier de vous honnêtement,22 hours ago,1658250000
Ndiame gueye,UCmmD1yy7BoNjxMMn3Jm6E1Q,False,https://yt3.ggpht.com/ytc/AKedOLTAyAAOPfkcYje8B84lHyJw5y3szz9E2XYjXNBJSjvX7ZC2P2uAxFopiIFVveud=s176-c-k-c0x00ffffff-no-rj,UgwyDc84FiTsO2YwJGZ4AaABAg,False,12,root,Machalla dame deugu rék mo moudié vive sonko pour 2024 ❤️❤️❤️❤️❤️❤️❤️❤️❤️❤️❤️❤️,22 hours ago,1658250000
Youssou Thiam,UCXah-ke3bbxgDo-65SJMFqQ,False,https://yt3.ggpht.com/ytc/AKedOLTyV65Y0jfjewmIaACnU7nyemep_J6oZJPGVQ=s176-c-k-c0x00ffffff-no-rj,UgyM7ITLfPuy75Bhklp4AaABAg,False,1,root,😄😄😄 no Dame srx woul,22 hours ago,1658250000
vérité absolue,UCRZ3fByvPOzxoVkaCUbOOPA,False,https://yt3.ggpht.com/ytc/AKedOLSJg08Kxl6mv9o0c9LSfXR0AO3UyvKAHd5pfH3iTDgvndNU9wwL6XRgFrSqi_Dn=s176-c-k-c0x00ffffff-no-rj,UgweptETwasfrodOu0l4AaABAg,False,5,root,Néna sapoti bu ñoroule,22 hours ago,1658250000
Fatou Souane,UCoUKeYapb3_LW3fauBxarmA,False,https://yt3.ggpht.com/ytc/AKedOLS9F_BUUJ6nmGiHV26_Q8VAjVojRJl1Wxi38A=s176-c-k-c0x00ffffff-no-rj,UgxYurKOnl7jXuwxHJ54AaABAg,False,5,root,Vraiment si on a 2 ou 3 Dame Nbodj Au Senegal macki sall va prendre la fuite,22 hours ago,1658250000
mariame gassama,UC-aN-Ozj1gWGXARu_pmqu3Q,False,https://yt3.ggpht.com/ytc/AKedOLS3gx0XWesiyQmu4nm6xy3A4frt0yGwMpfqCg=s176-c-k-c0x00ffffff-no-rj,UgxYurKOnl7jXuwxHJ54AaABAg.9dfNa25WdWG9dfO2IPSr5G,False,0,UgxYurKOnl7jXuwxHJ54AaABAg,Billay 😄😄😄 fuite nga wakh déé exilé jamais revenir au Sénégal,22 hours ago,1658250000
Coumba Diakhate,UCflPouWFqhIYxpkoZqsGnVw,False,https://yt3.ggpht.com/ytc/AKedOLTqVop2dyRqsukvEK3iQJ_mpLb-ME9rgo18Og=s176-c-k-c0x00ffffff-no-rj,Ugy4GLyMOQQnZnTdPPF4AaABAg,False,3,root,🙏😭😭😭🤲,22 hours ago,1658250000
Bénie de Dieu prunelle,UC3MJ0cD9GHG6EKQ1buwVMQA,False,https://yt3.ggpht.com/ytc/AKedOLTBxOJz3QqDDSPd-rOAgxKC56R2D25507OYoyvn6g=s176-c-k-c0x00ffffff-no-rj,UgzXjJpoWYIvbBfqQ114AaABAg,False,4,root,Merci Mr,22 hours ago,1658250000
seybane fall,UCUqPy9peFvROYCixd4ZnWpA,False,https://yt3.ggpht.com/ytc/AKedOLR1jr7GlSl4hNN399r6eZIvptWUfLe41E1FukTK=s176-c-k-c0x00ffffff-no-rj,UgznLRYnuD_mLjbm2S94AaABAg,False,0,root,"Que l'accueille en son paradis céleste.
Toi Dame depuis que je te suive tu penses toujours que tu as raison.
T'as dit utilisé woul arme loula sii lerrr.
Legui tu compares une arme à un téléphone portable arrêtez vraiment vous ne voyez jamais du bon vers la république",22 hours ago,1658250000
Bilal khaly Fall,UChcypeET3S3rPDWpOaAW2dA,False,https://yt3.ggpht.com/ytc/AKedOLS1pfWD8V-08tn48uj29ORBGz4XYkemqZ72Eg=s176-c-k-c0x00ffffff-no-rj,UgznLRYnuD_mLjbm2S94AaABAg.9dfMYowq5K99dfSzLtVknZ,False,1,UgznLRYnuD_mLjbm2S94AaABAg,Mdr yén vous voyez une vérité mais daguén dih aveugle li gueune boneu moy la personne qui refuse de voir la vérité khamguani ki limou wakh mo gueune lér li procureur bi wakh version police mom sé pire sakh j n'en parle mm po,21 hours ago,1658253600
saliou dione,UCz75uFm2S9DQtsKNGbpZEoQ,False,https://yt3.ggpht.com/ytc/AKedOLTkIygiX_P9F9LNF4-hhbF4lfqWfqB9xY6vOg=s176-c-k-c0x00ffffff-no-rj,UgxEnhFJnX9sg9QBZep4AaABAg,False,48,root,"Dame, tu es formidable.Bien qu'étant Enseignant ta gymnastique juridique reste est avérée. YALLA NA LA YALLA DÉFAL DIAAM.",22 hours ago,1658250000
Balla Tamba,UCadQRkf-yYmtWYWBsHg_4_Q,False,https://yt3.ggpht.com/ytc/AKedOLRBTaxg7bPR5EYnONJg_bDsSZdvwx8tNoLgVPW3oUrwmyaRu2c28z8RkdAAtuw0=s176-c-k-c0x00ffffff-no-rj,UgxEnhFJnX9sg9QBZep4AaABAg.9dfMW2E3lmy9dgD77yefr9,False,0,UgxEnhFJnX9sg9QBZep4AaABAg,Amin yaraabi,14 hours ago,1658278800
Mame Bacs,UC4i1yQ9XvMTg7oZ0rl3xCKA,False,https://yt3.ggpht.com/ytc/AKedOLQozCOwQOLJ_xa3GN948qs6na3uYX1NupxH_A=s176-c-k-c0x00ffffff-no-rj,UgxEnhFJnX9sg9QBZep4AaABAg.9dfMW2E3lmy9dhE0VC5s8Q,False,0,UgxEnhFJnX9sg9QBZep4AaABAg,Mbodj fara thia kaww thia kanammmm,5 hours ago,1658311200
Mbodja Seye,UCK88rjTKNdvqq-iU4T7MTDQ,False,https://yt3.ggpht.com/ytc/AKedOLRrgnuUv5rDJ36hOZkrdImpOocvbqGk8DpTnQ=s176-c-k-c0x00ffffff-no-rj,UgzD2Yzkr1TM17FnC8h4AaABAg,False,7,root,Bilaye Mèttina na trop rèy domou diambour nii tè dara dousi dik,22 hours ago,1658250000
Adama Balde,UCLpqFa3Z229Uyyj8FruZAAQ,False,https://yt3.ggpht.com/ytc/AKedOLSapZC4O_ZJhAHRrXjlVGB7Hz0APsxQdfJK5cEOmw=s176-c-k-c0x00ffffff-no-rj,UgyOZKiiZroQ0xzxAEl4AaABAg,False,3,root,"Bilhahi 🙏 walahi 🙏 dame mbodj
Maki traitre la nest pa la pour le Senegal pour interé France 🇨🇵
Regardes Siri Lanka 🙏",22 hours ago,1658250000
Juge des valeurs,UC2zWEyj0iL5vYBto0mgWeKw,False,https://yt3.ggpht.com/ytc/AKedOLS8CWf3Z4Q7MlUICz8ViNWqytCgcMm-t3ZkkCe1OEAUGCPmxqVJud58ULUlRFjs=s176-c-k-c0x00ffffff-no-rj,UgxSNfYCHDWtmW2-XjV4AaABAg,False,55,root,Merci beaucoup monsieur Dame national vraiment vous êtes très sincère et cohérent franchement amoulo morom machalla,22 hours ago,1658250000
Aminata Ndiaye,UCcHvB222oScELulDRucx8cg,False,https://yt3.ggpht.com/ytc/AKedOLScmxOwx2G0vjlJGEeX7LMKv_FlutZ976ERNA=s176-c-k-c0x00ffffff-no-rj,UgxSNfYCHDWtmW2-XjV4AaABAg.9dfL3Gp6GAs9dfuJSzV0-u,False,0,UgxSNfYCHDWtmW2-XjV4AaABAg,Vrai de vrai,17 hours ago,1658268000
Elhadji Sene,UCPlRBDyFxayidbDDjaW331Q,False,https://yt3.ggpht.com/ytc/AKedOLTLLGSIiHGZhR9kUuIGwZeELiMFnh_fXYBNaA=s176-c-k-c0x00ffffff-no-rj,Ugw16B0naAXydvGDLfh4AaABAg,False,7,root,Merci waye dieureudief pr dam mbodje dieureudief yalna yalla féy,22 hours ago,1658250000
Abib Touré,UCgWLIo5wSjGTx4bJgiv6zuA,False,https://yt3.ggpht.com/ytc/AKedOLRK0PN4sWhZBd8BOdQ2X7m8prBPmp5IUtt3fA=s176-c-k-c0x00ffffff-no-rj,UgwCIiv1Q9ioZVBI0ZJ4AaABAg,False,5,root,Les gardes devraient laisser l'imam avec sa ceinture au moins 😂🤣,22 hours ago,1658250000
Ndèye Thiaba Sène,UCC8zSamy22oqFHN0bIkoFOQ,False,https://yt3.ggpht.com/gndlrxE-OBIU7YYv8KGtA57W_X9EVk2oXjPf0pLFtDngGO0uBPfGj5hu6fBu9ky5X9l1u7WZ=s176-c-k-c0x00ffffff-no-rj,UgwCIiv1Q9ioZVBI0ZJ4AaABAg.9dfKjEi4iYs9dfMtjEtKLJ,False,1,UgwCIiv1Q9ioZVBI0ZJ4AaABAg,Khana 😂😂,22 hours ago,1658250000
bouddhambengue Yamakazi,UChMMdzbOts3WwPgzBkmHKQg,False,https://yt3.ggpht.com/ytc/AKedOLRGNI4kNWwvcYm3p1arDnfi-aRjR777k1gpTQ=s176-c-k-c0x00ffffff-no-rj,Ugy9Dt3pXmtxlBZhweF4AaABAg,False,1,root,Sonko bann rapport la amm ak Mancabou?tu n as pas répondu cette question .Sachez k nos renseignements Généraux travaillent bien!Tout ne sera pas dit.Mais l'avenir nous dira la suite inchaallah !,22 hours ago,1658250000
Galo Gueye,UCrCnqnQ75bT-gkafwOLWDMQ,False,https://yt3.ggpht.com/ytc/AKedOLSJpP7nmDzyOnBl0wdpPjGm5pEJahtq5CTXmlbg2gc0lsFKLjE9GDRnmpoeTJ4F=s176-c-k-c0x00ffffff-no-rj,Ugy9Dt3pXmtxlBZhweF4AaABAg.9dfKgCUYRbp9dfLqvv2cqn,False,0,Ugy9Dt3pXmtxlBZhweF4AaABAg,Et si tu le disais toi...... Loy khar?,22 hours ago (edited),1658250000
Bilal khaly Fall,UChcypeET3S3rPDWpOaAW2dA,False,https://yt3.ggpht.com/ytc/AKedOLS1pfWD8V-08tn48uj29ORBGz4XYkemqZ72Eg=s176-c-k-c0x00ffffff-no-rj,Ugy9Dt3pXmtxlBZhweF4AaABAg.9dfKgCUYRbp9dfS8rl5BRM,False,0,Ugy9Dt3pXmtxlBZhweF4AaABAg,Les renseignements généraux ne font rien du tout vérité bobou nguay wakh dou meusseu am sous ce régime actuel et tu le sais bien,21 hours ago,1658253600
Delphine C,UCk8EiFxwjrhPVUll6rC7W8w,False,https://yt3.ggpht.com/ytc/AKedOLQ8yyHYst-4ivJqG8sW3n-US7HnoR7jN-Ppr8HIcg=s176-c-k-c0x00ffffff-no-rj,Ugy9Dt3pXmtxlBZhweF4AaABAg.9dfKgCUYRbp9dfszAHed41,False,1,Ugy9Dt3pXmtxlBZhweF4AaABAg,Loutakh gua khar ba legui di lathié lolou . S'il était si mauvais il fallait poser la question bi moy liguey yeul Gadio. Comme c'est Sonko guen di jouer inspecteur Colombo.,17 hours ago,1658268000
Zozo Vérité,UCa7vqPDsJ08HCShWEkK1AHQ,False,https://yt3.ggpht.com/ytc/AKedOLQbgocopeEMTkc4SJWppiawLd79_5HVQVZui1n2=s176-c-k-c0x00ffffff-no-rj,Ugy9Dt3pXmtxlBZhweF4AaABAg.9dfKgCUYRbp9dhC0DKZZPT,False,0,Ugy9Dt3pXmtxlBZhweF4AaABAg,Bo ka khamé nga wakhgnou si ay sose rék nguéni dokh bobou ba légui arrêté léne,5 hours ago,1658311200
Alioune Diop,UC1aN2mvb9RtCVY4RdS1WLeA,False,https://yt3.ggpht.com/ytc/AKedOLTT01gzTpAK_iLoLEhWDB9tE8yKM8onMZBUiw=s176-c-k-c0x00ffffff-no-rj,Ugxz0cT2U6OtgBS4Lwp4AaABAg,False,5,root,"Dame ngir yalla bayyil do waxal ñii nga xamné du ñiy journalistes, ruubé dong lañi déf.",22 hours ago,1658250000
Adama Balde,UCLpqFa3Z229Uyyj8FruZAAQ,False,https://yt3.ggpht.com/ytc/AKedOLSapZC4O_ZJhAHRrXjlVGB7Hz0APsxQdfJK5cEOmw=s176-c-k-c0x00ffffff-no-rj,UgzSzZQtfeZkkUJ424V4AaABAg,False,12,root,"Tres bien dit dame💚 mbodj 🙏
Françoi mankabou Li dal niaw na metí 🔥
Antoucat nou Tous on ai en danger ⛔👹",23 hours ago,1658246400
Adama Balde,UCLpqFa3Z229Uyyj8FruZAAQ,False,https://yt3.ggpht.com/ytc/AKedOLSapZC4O_ZJhAHRrXjlVGB7Hz0APsxQdfJK5cEOmw=s176-c-k-c0x00ffffff-no-rj,UgxNHHL8wV8gaDxNPH94AaABAg,False,7,root,"Jerjef merci dame💚 mbodj🙏
Maki yakh na réwmi🙏🇸🇳
Le redicule ne tué pa se pays🇸🇳
Tous auf Maki ak gouvernement wayadi
administración banditisme détat
Police ak gendremeri ak justice partisant benno ⚰️ tasaré LGBT 🏳️‍🌈🔥🙏🏳️‍🌈🔥🔥",23 hours ago,1658246400
zou gaye,UCnajdMK-1FoP3H5GT3eTj-g,False,https://yt3.ggpht.com/ytc/AKedOLQAHKVCo_Uj4bZDdaPthK5aM1ugT7IbJjJmJA=s176-c-k-c0x00ffffff-no-rj,Ugy_24oyjkBVMu2e0bt4AaABAg,False,30,root,Bravo Dame un homme digne ❤️,23 hours ago,1658246400
Momo sy,UCog86z5nJoItBw-S1Rz9Cvw,False,https://yt3.ggpht.com/ytc/AKedOLSQlA9x-NznGXLYQM8VaiguFwc90Lv527CETsfIdORMJ7PYl1KtErvjp5BopVJU=s176-c-k-c0x00ffffff-no-rj,Ugzc7dFWbt2G7kj5p3Z4AaABAg,False,4,root,Dama le meilleur,23 hours ago,1658246400
Daroukarim ADAMAAdSense,UCu2ZX7C_uj0v7rUj6UiE2Sw,False,https://yt3.ggpht.com/o29tbeKsPFIjGE67V9QOzyodHYEZfYz9EixQwPSHgnQtXXOdTl50vu2aEBHgRY3L8JWxFtjLV18=s176-c-k-c0x00ffffff-no-rj,UgzfGFuAmm53GZmW1oR4AaABAg,False,6,root,Merci Dame Mbodji,23 hours ago,1658246400
INCONN INCONNU,UClUp5sl0pZ5afNpaTRdc_Bw,False,https://yt3.ggpht.com/ytc/AKedOLRotWRof1Wz2s31jrdikePvwuFvoe6glvYXsw=s176-c-k-c0x00ffffff-no-rj,UgxwVYR3CZJ6EBsgcZx4AaABAg,False,0,root,"Dame arrête de jouer au connais tout certes dans ce cas les gens ont des réserves mais toi aussi mandoul finalement tu risques de passer ""MOR DADJE """,23 hours ago,1658246400
INCONN INCONNU,UClUp5sl0pZ5afNpaTRdc_Bw,False,https://yt3.ggpht.com/ytc/AKedOLRotWRof1Wz2s31jrdikePvwuFvoe6glvYXsw=s176-c-k-c0x00ffffff-no-rj,UgxwVYR3CZJ6EBsgcZx4AaABAg.9dfILRjodyD9dg4d8N71dW,False,0,UgxwVYR3CZJ6EBsgcZx4AaABAg,C'est toi-même qui doit respecter les gens pensant être plus intelligent que tout le monde,15 hours ago,1658275200
Ouseynou Sall,UCotF8sT0lvIM1zzkP0ObC9Q,False,https://yt3.ggpht.com/ytc/AKedOLRTq2jTRx9wVoKjT4HSudzBP828BYt9OtH5YQ=s176-c-k-c0x00ffffff-no-rj,UgxIU9tUvhl9RWRU-p94AaABAg,False,13,root,Procureur ďoul réke laye défe domarame dji,23 hours ago,1658246400
Ouseynou Sall,UCotF8sT0lvIM1zzkP0ObC9Q,False,https://yt3.ggpht.com/ytc/AKedOLRTq2jTRx9wVoKjT4HSudzBP828BYt9OtH5YQ=s176-c-k-c0x00ffffff-no-rj,UgzLM8n3ulSQN0wgHYx4AaABAg,False,5,root,Macky dégage,23 hours ago,1658246400
Fanta Diop,UCRe_Uftl3VyGgoW8oOCv_cg,False,https://yt3.ggpht.com/ytc/AKedOLRhBeboOhcjPzZbShXRkHCvg4fc4nS3Xa73MQ=s176-c-k-c0x00ffffff-no-rj,UgzF6DkFGWXxhxiayAl4AaABAg,False,4,root,❤❤❤❤❤🇸🇳🇸🇳🙏🙏🙏👍👍,23 hours ago,1658246400
badou ndiaye,UCwiC7KBO-s6nfHUZ0iGhmaw,False,https://yt3.ggpht.com/ytc/AKedOLQ6Yo38kE3GBd39GFYeXW1ZJXa_9aoT44LUsg=s176-c-k-c0x00ffffff-no-rj,Ugw7cZi1NJarQE6hTC14AaABAg,False,6,root,No procureur bi limou wax yénou woul mana,23 hours ago,1658246400
Khaze sow,UCYTq7yi5du5HyI5IILRy2Tw,False,https://yt3.ggpht.com/ytc/AKedOLRxQZR2dH4PJxLmcsa7iS0iCLQf3i2KKiguTv9q-WSRFWWaNrKVSrw0RQhmIIam=s176-c-k-c0x00ffffff-no-rj,UgyNBZf_hJX4TcuLzEF4AaABAg,False,12,root,Sonko président sonko,23 hours ago,1658246400
Khaze sow,UCYTq7yi5du5HyI5IILRy2Tw,False,https://yt3.ggpht.com/ytc/AKedOLRxQZR2dH4PJxLmcsa7iS0iCLQf3i2KKiguTv9q-WSRFWWaNrKVSrw0RQhmIIam=s176-c-k-c0x00ffffff-no-rj,Ugxb-RzcZGpvHYSmYZt4AaABAg,False,0,root,Ltakh  muni darous  dabaga wakhni  daboole  sonko  mootak murs  rus procurer bi fenrek,23 hours ago,1658246400
papa thiam,UC0gCNKVQpltJ_xXxWjV32Jw,False,https://yt3.ggpht.com/ytc/AKedOLTJDMLHKCXy0KvwcZMQ7sPtvaMJIwvhXi9dzw=s176-c-k-c0x00ffffff-no-rj,UgyvPLFiteb-2kWOa654AaABAg,False,0,root,"Sacré dame mbodj.. xaw ģa ray ""procureur""",23 hours ago (edited),1658246400
Nix Nix,UCXQt1Qrd_9kBwStn1IOrWaA,False,https://yt3.ggpht.com/ytc/AKedOLTWU303zjPU6hbvcpSbWicbT4S-3DGz0YymjxYtSL2lTHj9CmhSrtyMHuhQZWcT=s176-c-k-c0x00ffffff-no-rj,UgyVR-mo9E6fhHv7V3h4AaABAg,False,12,root,ENFIN QUELQU UN QUI POSE LES VRAIES QUESTIONS: LA TABLETTE IL Y AVAIT QUOI DANS LA TABLETTE? IL N Y A QUE LA FEMME DU DEFUNT POUR PEUT ETRE DONNER LA REPONSE.,23 hours ago,1658246400
rosalie kabou,UCHnSq8UQjCeulWG6_OyPEaQ,False,https://yt3.ggpht.com/ytc/AKedOLROgYEWot7tx5uB_jpGP8mDJMqF0IoyNCZH6fjW45nbolrtP_XDo19-egZ90-5Y=s176-c-k-c0x00ffffff-no-rj,UgyVR-mo9E6fhHv7V3h4AaABAg.9dfGgoKDKgF9df_pPWHRzv,False,0,UgyVR-mo9E6fhHv7V3h4AaABAg,APR manipulateur,20 hours ago,1658257200
Mamadou lamine Ndiaye,UCaje3uqVY5I7xlPBKabKJnw,False,https://yt3.ggpht.com/ytc/AKedOLTQXQvASsP-tPckdps4ullYngKXjpWG9_B8-vHbxYB05rXpnp5EOiRxqQeBXN_R=s176-c-k-c0x00ffffff-no-rj,UgzgzYrXfNnAClWnZ5Z4AaABAg,False,7,root,Merci dame,23 hours ago,1658246400
Sankoun Kanoute,UC2z0OFksOlbyQARuFJoIIzA,False,https://yt3.ggpht.com/ytc/AKedOLRvaxkzdtbAy5UtMUPCFFXsF5Wb1UMA-Af-=s176-c-k-c0x00ffffff-no-rj,UgyAH4ch6D0EJfKV6354AaABAg,False,62,root,"Le procureur n'a fait que mentir du début à la fin.
Moi je me demande pourquoi la justice est devenue un lieu de tort.",23 hours ago,1658246400
Balla Tamba,UCadQRkf-yYmtWYWBsHg_4_Q,False,https://yt3.ggpht.com/ytc/AKedOLRBTaxg7bPR5EYnONJg_bDsSZdvwx8tNoLgVPW3oUrwmyaRu2c28z8RkdAAtuw0=s176-c-k-c0x00ffffff-no-rj,UgyAH4ch6D0EJfKV6354AaABAg.9dfFwA81Ulj9dgDIInAHPX,False,0,UgyAH4ch6D0EJfKV6354AaABAg,Mais ils vont tous rendre compte à Dieu bilah walahii... l'enfer les attends là faut qu'ils le sachent,14 hours ago,1658278800
momath diop,UC3oPgWOUnF8CgRlfDiI3-Tg,False,https://yt3.ggpht.com/ytc/AKedOLSbOoMHe3N_xwCv4yenhDrwbjK05AozrcjARA=s176-c-k-c0x00ffffff-no-rj,UgyQN4v9kY8Su2GIkvB4AaABAg,False,9,root,Notre Dame national,23 hours ago,1658246400
Fama Sall,UCupR7UzMZ1-Zv6wwkwA2XJA,False,https://yt3.ggpht.com/ytc/AKedOLQv_8fANWuw94G-LXLt9We35-TbI_ESLspDfw=s176-c-k-c0x00ffffff-no-rj,Ugz9gpcNiIfJAZL2uTt4AaABAg,False,19,root,Vraiment metina torop diko diale ay mbokam waye yalla gueumoul nelawoul bayinaniou lene AK mancagne,23 hours ago,1658246400
Sankoun Kanoute,UC2z0OFksOlbyQARuFJoIIzA,False,https://yt3.ggpht.com/ytc/AKedOLRvaxkzdtbAy5UtMUPCFFXsF5Wb1UMA-Af-=s176-c-k-c0x00ffffff-no-rj,Ugy5Pu6-Beif0ssL9I14AaABAg,False,40,root,Sincèrement ça fait très mal et je souhaite que justice soit faite,23 hours ago,1658246400
Thiam Bibi,UCSMaFv5Iew4VMLiQRA8CJng,False,https://yt3.ggpht.com/ytc/AKedOLQq5LNxBRvhvfy7CigWDBUtv4rujOiqx-lQSETm=s176-c-k-c0x00ffffff-no-rj,Ugy5Pu6-Beif0ssL9I14AaABAg.9dfFXjaY3v-9dfofa2fGHl,False,0,Ugy5Pu6-Beif0ssL9I14AaABAg,Justice avec ce regime je ne pense pas,18 hours ago,1658264400
Amadou Sall,UCm7eLWB45ysmG0PyAxZnaQQ,False,https://yt3.ggpht.com/ytc/AKedOLSX7Wa1ve6n0RqYzJl49VPUID7ZqcmvIDefVA=s176-c-k-c0x00ffffff-no-rj,UgxUnZGuPOSSFcW8Ojt4AaABAg,False,1,root,Et l affaires du seck fusitief est dans l oublie,23 hours ago,1658246400
Mode&style,UCYs82vaNUqDzTiaKM0VeW1A,False,https://yt3.ggpht.com/ytc/AKedOLTq1NV9wlaMZ1yGOwZTdvDdX3WUljYxNJltJg=s176-c-k-c0x00ffffff-no-rj,UgxUnZGuPOSSFcW8Ojt4AaABAg.9dfFEdjl_pe9dfID_xm625,False,0,UgxUnZGuPOSSFcW8Ojt4AaABAg,IL est dans les mains du government,23 hours ago,1658246400
Reimana Modji,UC8Q5PVXeVaZEHxVo4vt266A,False,https://yt3.ggpht.com/ytc/AKedOLTjx4mwmvK5wVDGPzAlMbxVYr3ghf2Uvwd4Ig=s176-c-k-c0x00ffffff-no-rj,Ugy2rw4AhbVWzhRuUNh4AaABAg,False,25,root,Merci Dame Modji ❤️💕,23 hours ago,1658246400
SEYNABOU DIEDHIOU,UClV777SkvMisrmJlaMM5KIA,False,https://yt3.ggpht.com/ytc/AKedOLQfcqoH656nuDmDaAbxnG0BVYDfx-mUta4_AA=s176-c-k-c0x00ffffff-no-rj,Ugw5zLrhgq-AF9su8794AaABAg,False,7,root,Dame way dame,23 hours ago,1658246400
NDIACK NDAO,UCT8WBOlx7tUI9plN0EpocWg,False,https://yt3.ggpht.com/ytc/AKedOLQ9xcWGDTEJXcP2PD_Oqw8BtbnOELuTa9py-w=s176-c-k-c0x00ffffff-no-rj,UgxyiBhaROHSFmMy62V4AaABAg,False,0,root,On ne peut pas gérer un pays dans le mensonge et la mythomanie.,23 hours ago,1658246400
Mustapha Vall,UCBcPZPFEC3TJ_gDyzQxs88Q,False,https://yt3.ggpht.com/ytc/AKedOLTovYuKvrViTgm0Am3J_7QgOFSlMT6o9X7QAlP-U86BKI5cvkRVjO0nWxLDRquu=s176-c-k-c0x00ffffff-no-rj,UgxjCS_T2jCn6jAXpLt4AaABAg,False,8,root,Pertinent Dam,23 hours ago,1658246400
Thierno Cisse,UCFZCDjEA3euBgf511-PbUJQ,False,https://yt3.ggpht.com/ytc/AKedOLTB85dkTdhpTAqE1NX4ClZB7IU1V8bEtLhXlw=s176-c-k-c0x00ffffff-no-rj,UgzqS86fbORSlugNATJ4AaABAg,False,2,root,Diadiaf dame,23 hours ago,1658246400
Mamadou Ndao,UCEsKXs--yDaWT3miTnpYCXg,False,https://yt3.ggpht.com/ytc/AKedOLTovYuKvrViTgm0Am3J_7QgOFSlMT6o9X7QAlP-U86BKI5cvkRVjO0nWxLDRquu=s176-c-k-c0x00ffffff-no-rj,UgwSa3vtQ_AzPsMyMjF4AaABAg,False,38,root,Merci beaucoup Dame Mbodj toujours pertinent.,1 day ago,1658275200
